timestamp,power_kw,voltage,current_a,hour,day_of_week,is_weekend,is_spike
2026-04-17 13:38:35,1.155,230,5.02,13,4,0,0
2026-04-17 13:39:35,1.454,230,6.32,13,4,0,0
2026-04-17 13:40:35,1.333,230,5.8,13,4,0,0
2026-04-17 13:41:35,1.309,230,5.69,13,4,0,0
2026-04-17 13:42:35,1.167,230,5.07,13,4,0,0
2026-04-17 13:43:35,0.928,230,4.03,13,4,0,0
2026-04-17 13:44:35,0.977,230,4.25,13,4,0,0
2026-04-17 13:45:35,1.282,230,5.57,13,4,0,0
2026-04-17 13:46:35,0.802,230,3.49,13,4,0,0
2026-04-17 13:47:35,0.99,230,4.31,13,4,0,0
2026-04-17 13:48:35,0.995,230,4.32,13,4,0,0
2026-04-17 13:49:35,0.814,230,3.54,13,4,0,0
2026-04-17 13:50:35,0.932,230,4.05,13,4,0,0
2026-04-17 13:51:35,0.966,230,4.2,13,4,0,0
2026-04-17 13:52:35,1.334,230,5.8,13,4,0,0
2026-04-17 13:53:35,2.968,230,12.91,13,4,0,1
2026-04-17 13:54:35,1.154,230,5.02,13,4,0,0
2026-04-17 13:55:35,1.382,230,6.01,13,4,0,0
2026-04-17 13:56:35,1.184,230,5.15,13,4,0,0
2026-04-17 13:57:35,1.337,230,5.81,13,4,0,0
2026-04-17 13:58:35,0.808,230,3.51,13,4,0,0
2026-04-17 13:59:35,1.287,230,5.59,13,4,0,0
2026-04-17 14:00:35,1.501,230,6.53,14,4,0,0
2026-04-17 14:01:35,0.935,230,4.06,14,4,0,0
2026-04-17 14:02:35,0.814,230,3.54,14,4,0,0
2026-04-17 14:03:35,1.496,230,6.5,14,4,0,0
2026-04-17 14:04:35,0.855,230,3.72,14,4,0,0
2026-04-17 14:05:35,1.307,230,5.68,14,4,0,0
2026-04-17 14:06:35,1.098,230,4.77,14,4,0,0
2026-04-17 14:07:35,1.307,230,5.68,14,4,0,0
2026-04-17 14:08:35,1.105,230,4.8,14,4,0,0
2026-04-17 14:09:35,1.231,230,5.35,14,4,0,0
2026-04-17 14:10:35,1.008,230,4.38,14,4,0,0
2026-04-17 14:11:35,1.185,230,5.15,14,4,0,0
2026-04-17 14:12:35,1.333,230,5.79,14,4,0,0
2026-04-17 14:13:35,1.365,230,5.93,14,4,0,0
2026-04-17 14:14:35,1.493,230,6.49,14,4,0,0
2026-04-17 14:15:35,1.38,230,6.0,14,4,0,0
2026-04-17 14:16:35,0.892,230,3.88,14,4,0,0
2026-04-17 14:17:35,1.259,230,5.47,14,4,0,0
2026-04-17 14:18:35,1.382,230,6.01,14,4,0,0
2026-04-17 14:19:35,1.195,230,5.19,14,4,0,0
2026-04-17 14:20:35,1.422,230,6.18,14,4,0,0
2026-04-17 14:21:35,1.077,230,4.68,14,4,0,0
2026-04-17 14:22:35,0.833,230,3.62,14,4,0,0
2026-04-17 14:23:35,0.842,230,3.66,14,4,0,0
2026-04-17 14:24:35,1.264,230,5.49,14,4,0,0
2026-04-17 14:25:35,1.212,230,5.27,14,4,0,0
2026-04-17 14:26:35,1.09,230,4.74,14,4,0,0
2026-04-17 14:27:35,1.235,230,5.37,14,4,0,0
2026-04-17 14:28:35,1.152,230,5.01,14,4,0,0
2026-04-17 14:29:35,0.983,230,4.27,14,4,0,0
2026-04-17 14:30:35,1.255,230,5.46,14,4,0,0
2026-04-17 14:31:35,1.115,230,4.85,14,4,0,0
2026-04-17 14:32:35,1.331,230,5.79,14,4,0,0
2026-04-17 14:33:35,1.276,230,5.55,14,4,0,0
2026-04-17 14:34:35,1.067,230,4.64,14,4,0,0
2026-04-17 14:35:35,1.047,230,4.55,14,4,0,0
2026-04-17 14:36:35,1.241,230,5.39,14,4,0,0
2026-04-17 14:37:35,0.765,230,3.32,14,4,0,0
2026-04-17 14:38:35,1.512,230,6.58,14,4,0,0
2026-04-17 14:39:35,1.499,230,6.52,14,4,0,0
2026-04-17 14:40:35,1.409,230,6.13,14,4,0,0
2026-04-17 14:41:35,0.998,230,4.34,14,4,0,0
2026-04-17 14:42:35,1.064,230,4.62,14,4,0,0
2026-04-17 14:43:35,1.215,230,5.28,14,4,0,0
2026-04-17 14:44:35,0.902,230,3.92,14,4,0,0
2026-04-17 14:45:35,1.275,230,5.54,14,4,0,0
2026-04-17 14:46:35,0.994,230,4.32,14,4,0,0
2026-04-17 14:47:35,0.976,230,4.24,14,4,0,0
2026-04-17 14:48:35,1.06,230,4.61,14,4,0,0
2026-04-17 14:49:35,1.161,230,5.05,14,4,0,0
2026-04-17 14:50:35,1.359,230,5.91,14,4,0,0
2026-04-17 14:51:35,0.808,230,3.51,14,4,0,0
2026-04-17 14:52:35,1.402,230,6.1,14,4,0,0
2026-04-17 14:53:35,1.32,230,5.74,14,4,0,0
2026-04-17 14:54:35,0.715,230,3.11,14,4,0,0
2026-04-17 14:55:35,1.022,230,4.44,14,4,0,0
2026-04-17 14:56:35,2.605,230,11.32,14,4,0,1
2026-04-17 14:57:35,1.426,230,6.2,14,4,0,0
2026-04-17 14:58:35,1.031,230,4.48,14,4,0,0
2026-04-17 14:59:35,1.468,230,6.38,14,4,0,0
2026-04-17 15:00:35,1.066,230,4.63,15,4,0,0
2026-04-17 15:01:35,0.976,230,4.24,15,4,0,0
2026-04-17 15:02:35,1.077,230,4.68,15,4,0,0
2026-04-17 15:03:35,1.063,230,4.62,15,4,0,0
2026-04-17 15:04:35,1.314,230,5.71,15,4,0,0
2026-04-17 15:05:35,1.267,230,5.51,15,4,0,0
2026-04-17 15:06:35,0.971,230,4.22,15,4,0,0
2026-04-17 15:07:35,1.266,230,5.5,15,4,0,0
2026-04-17 15:08:35,1.501,230,6.53,15,4,0,0
2026-04-17 15:09:35,0.947,230,4.12,15,4,0,0
2026-04-17 15:10:35,1.008,230,4.38,15,4,0,0
2026-04-17 15:11:35,1.043,230,4.54,15,4,0,0
2026-04-17 15:12:35,0.84,230,3.65,15,4,0,0
2026-04-17 15:13:35,0.887,230,3.86,15,4,0,0
2026-04-17 15:14:35,0.946,230,4.11,15,4,0,0
2026-04-17 15:15:35,1.06,230,4.61,15,4,0,0
2026-04-17 15:16:35,1.007,230,4.38,15,4,0,0
2026-04-17 15:17:35,5.797,230,25.2,15,4,0,1
2026-04-17 15:18:35,1.502,230,6.53,15,4,0,0
2026-04-17 15:19:35,0.942,230,4.09,15,4,0,0
2026-04-17 15:20:35,0.816,230,3.55,15,4,0,0
2026-04-17 15:21:35,1.329,230,5.78,15,4,0,0
2026-04-17 15:22:35,1.006,230,4.37,15,4,0,0
2026-04-17 15:23:35,1.177,230,5.12,15,4,0,0
2026-04-17 15:24:35,1.284,230,5.58,15,4,0,0
2026-04-17 15:25:35,0.941,230,4.09,15,4,0,0
2026-04-17 15:26:35,1.335,230,5.8,15,4,0,0
2026-04-17 15:27:35,1.296,230,5.63,15,4,0,0
2026-04-17 15:28:35,1.22,230,5.31,15,4,0,0
2026-04-17 15:29:35,0.978,230,4.25,15,4,0,0
2026-04-17 15:30:35,1.488,230,6.47,15,4,0,0
2026-04-17 15:31:35,1.466,230,6.38,15,4,0,0
2026-04-17 15:32:35,1.123,230,4.88,15,4,0,0
2026-04-17 15:33:35,1.266,230,5.51,15,4,0,0
2026-04-17 15:34:35,1.205,230,5.24,15,4,0,0
2026-04-17 15:35:35,0.913,230,3.97,15,4,0,0
2026-04-17 15:36:35,1.41,230,6.13,15,4,0,0
2026-04-17 15:37:35,1.037,230,4.51,15,4,0,0
2026-04-17 15:38:35,1.203,230,5.23,15,4,0,0
2026-04-17 15:39:35,1.027,230,4.46,15,4,0,0
2026-04-17 15:40:35,0.883,230,3.84,15,4,0,0
2026-04-17 15:41:35,1.199,230,5.21,15,4,0,0
2026-04-17 15:42:35,1.106,230,4.81,15,4,0,0
2026-04-17 15:43:35,1.3,230,5.65,15,4,0,0
2026-04-17 15:44:35,1.454,230,6.32,15,4,0,0
2026-04-17 15:45:35,0.911,230,3.96,15,4,0,0
2026-04-17 15:46:35,1.186,230,5.16,15,4,0,0
2026-04-17 15:47:35,0.984,230,4.28,15,4,0,0
2026-04-17 15:48:35,1.146,230,4.98,15,4,0,0
2026-04-17 15:49:35,0.899,230,3.91,15,4,0,0
2026-04-17 15:50:35,1.137,230,4.94,15,4,0,0
2026-04-17 15:51:35,1.18,230,5.13,15,4,0,0
2026-04-17 15:52:35,1.025,230,4.46,15,4,0,0
2026-04-17 15:53:35,1.357,230,5.9,15,4,0,0
2026-04-17 15:54:35,1.137,230,4.94,15,4,0,0
2026-04-17 15:55:35,1.104,230,4.8,15,4,0,0
2026-04-17 15:56:35,1.38,230,6.0,15,4,0,0
2026-04-17 15:57:35,0.992,230,4.31,15,4,0,0
2026-04-17 15:58:35,4.325,230,18.81,15,4,0,1
2026-04-17 15:59:35,0.928,230,4.03,15,4,0,0
2026-04-17 16:00:35,1.403,230,6.1,16,4,0,0
2026-04-17 16:01:35,1.471,230,6.4,16,4,0,0
2026-04-17 16:02:35,0.828,230,3.6,16,4,0,0
2026-04-17 16:03:35,1.455,230,6.33,16,4,0,0
2026-04-17 16:04:35,1.384,230,6.02,16,4,0,0
2026-04-17 16:05:35,1.191,230,5.18,16,4,0,0
2026-04-17 16:06:35,0.935,230,4.06,16,4,0,0
2026-04-17 16:07:35,1.235,230,5.37,16,4,0,0
2026-04-17 16:08:35,1.408,230,6.12,16,4,0,0
2026-04-17 16:09:35,1.016,230,4.42,16,4,0,0
2026-04-17 16:10:35,1.364,230,5.93,16,4,0,0
2026-04-17 16:11:35,3.224,230,14.02,16,4,0,1
2026-04-17 16:12:35,1.196,230,5.2,16,4,0,0
2026-04-17 16:13:35,1.043,230,4.54,16,4,0,0
2026-04-17 16:14:35,1.556,230,6.77,16,4,0,0
2026-04-17 16:15:35,1.367,230,5.94,16,4,0,0
2026-04-17 16:16:35,1.313,230,5.71,16,4,0,0
2026-04-17 16:17:35,1.171,230,5.09,16,4,0,0
2026-04-17 16:18:35,1.014,230,4.41,16,4,0,0
2026-04-17 16:19:35,1.277,230,5.55,16,4,0,0
2026-04-17 16:20:35,1.225,230,5.33,16,4,0,0
2026-04-17 16:21:35,1.294,230,5.62,16,4,0,0
2026-04-17 16:22:35,1.228,230,5.34,16,4,0,0
2026-04-17 16:23:35,1.31,230,5.7,16,4,0,0
2026-04-17 16:24:35,1.251,230,5.44,16,4,0,0
2026-04-17 16:25:35,0.973,230,4.23,16,4,0,0
2026-04-17 16:26:35,1.368,230,5.95,16,4,0,0
2026-04-17 16:27:35,1.285,230,5.59,16,4,0,0
2026-04-17 16:28:35,0.85,230,3.69,16,4,0,0
2026-04-17 16:29:35,1.278,230,5.56,16,4,0,0
2026-04-17 16:30:35,0.879,230,3.82,16,4,0,0
2026-04-17 16:31:35,1.03,230,4.48,16,4,0,0
2026-04-17 16:32:35,1.392,230,6.05,16,4,0,0
2026-04-17 16:33:35,1.067,230,4.64,16,4,0,0
2026-04-17 16:34:35,1.269,230,5.52,16,4,0,0
2026-04-17 16:35:35,1.209,230,5.26,16,4,0,0
2026-04-17 16:36:35,1.203,230,5.23,16,4,0,0
2026-04-17 16:37:35,1.044,230,4.54,16,4,0,0
2026-04-17 16:38:35,0.915,230,3.98,16,4,0,0
2026-04-17 16:39:35,1.034,230,4.49,16,4,0,0
2026-04-17 16:40:35,0.872,230,3.79,16,4,0,0
2026-04-17 16:41:35,0.803,230,3.49,16,4,0,0
2026-04-17 16:42:35,0.982,230,4.27,16,4,0,0
2026-04-17 16:43:35,1.086,230,4.72,16,4,0,0
2026-04-17 16:44:35,1.095,230,4.76,16,4,0,0
2026-04-17 16:45:35,1.418,230,6.17,16,4,0,0
2026-04-17 16:46:35,0.942,230,4.1,16,4,0,0
2026-04-17 16:47:35,0.908,230,3.95,16,4,0,0
2026-04-17 16:48:35,1.353,230,5.88,16,4,0,0
2026-04-17 16:49:35,0.889,230,3.87,16,4,0,0
2026-04-17 16:50:35,0.932,230,4.05,16,4,0,0
2026-04-17 16:51:35,1.279,230,5.56,16,4,0,0
2026-04-17 16:52:35,0.905,230,3.94,16,4,0,0
2026-04-17 16:53:35,1.391,230,6.05,16,4,0,0
2026-04-17 16:54:35,1.454,230,6.32,16,4,0,0
2026-04-17 16:55:35,1.0,230,4.35,16,4,0,0
2026-04-17 16:56:35,1.236,230,5.37,16,4,0,0
2026-04-17 16:57:35,0.784,230,3.41,16,4,0,0
2026-04-17 16:58:35,1.403,230,6.1,16,4,0,0
2026-04-17 16:59:35,1.2,230,5.22,16,4,0,0
2026-04-17 17:00:35,3.277,230,14.25,17,4,0,0
2026-04-17 17:01:35,7.199,230,31.3,17,4,0,1
2026-04-17 17:02:35,2.747,230,11.95,17,4,0,0
2026-04-17 17:03:35,3.918,230,17.03,17,4,0,0
2026-04-17 17:04:35,4.402,230,19.14,17,4,0,0
2026-04-17 17:05:35,2.228,230,9.69,17,4,0,0
2026-04-17 17:06:35,2.087,230,9.08,17,4,0,0
2026-04-17 17:07:35,2.319,230,10.08,17,4,0,0
2026-04-17 17:08:35,3.115,230,13.54,17,4,0,0
2026-04-17 17:09:35,4.18,230,18.17,17,4,0,0
2026-04-17 17:10:35,3.969,230,17.25,17,4,0,0
2026-04-17 17:11:35,2.429,230,10.56,17,4,0,0
2026-04-17 17:12:35,3.852,230,16.75,17,4,0,0
2026-04-17 17:13:35,2.146,230,9.33,17,4,0,0
2026-04-17 17:14:35,2.89,230,12.57,17,4,0,0
2026-04-17 17:15:35,4.365,230,18.98,17,4,0,0
2026-04-17 17:16:35,2.968,230,12.91,17,4,0,0
2026-04-17 17:17:35,2.722,230,11.84,17,4,0,0
2026-04-17 17:18:35,2.342,230,10.18,17,4,0,0
2026-04-17 17:19:35,3.509,230,15.26,17,4,0,0
2026-04-17 17:20:35,3.913,230,17.01,17,4,0,0
2026-04-17 17:21:35,2.351,230,10.22,17,4,0,0
2026-04-17 17:22:35,4.226,230,18.38,17,4,0,0
2026-04-17 17:23:35,3.343,230,14.54,17,4,0,0
2026-04-17 17:24:35,2.359,230,10.26,17,4,0,0
2026-04-17 17:25:35,2.122,230,9.23,17,4,0,0
2026-04-17 17:26:35,3.313,230,14.4,17,4,0,0
2026-04-17 17:27:35,2.526,230,10.98,17,4,0,0
2026-04-17 17:28:35,3.783,230,16.45,17,4,0,0
2026-04-17 17:29:35,3.479,230,15.13,17,4,0,0
2026-04-17 17:30:35,3.903,230,16.97,17,4,0,0
2026-04-17 17:31:35,2.878,230,12.51,17,4,0,0
2026-04-17 17:32:35,2.88,230,12.52,17,4,0,0
2026-04-17 17:33:35,2.287,230,9.94,17,4,0,0
2026-04-17 17:34:35,2.671,230,11.61,17,4,0,0
2026-04-17 17:35:35,2.334,230,10.15,17,4,0,0
2026-04-17 17:36:35,3.021,230,13.14,17,4,0,0
2026-04-17 17:37:35,2.397,230,10.42,17,4,0,0
2026-04-17 17:38:35,2.495,230,10.85,17,4,0,0
2026-04-17 17:39:35,2.378,230,10.34,17,4,0,0
2026-04-17 17:40:35,3.349,230,14.56,17,4,0,0
2026-04-17 17:41:35,3.053,230,13.28,17,4,0,0
2026-04-17 17:42:35,4.271,230,18.57,17,4,0,0
2026-04-17 17:43:35,2.364,230,10.28,17,4,0,0
2026-04-17 17:44:35,3.722,230,16.18,17,4,0,0
2026-04-17 17:45:35,3.194,230,13.89,17,4,0,0
2026-04-17 17:46:35,4.084,230,17.76,17,4,0,0
2026-04-17 17:47:35,3.433,230,14.93,17,4,0,0
2026-04-17 17:48:35,3.678,230,15.99,17,4,0,0
2026-04-17 17:49:35,4.038,230,17.56,17,4,0,0
2026-04-17 17:50:35,2.892,230,12.57,17,4,0,0
2026-04-17 17:51:35,4.022,230,17.49,17,4,0,0
2026-04-17 17:52:35,2.575,230,11.2,17,4,0,0
2026-04-17 17:53:35,4.076,230,17.72,17,4,0,1
2026-04-17 17:54:35,2.505,230,10.89,17,4,0,0
2026-04-17 17:55:35,2.562,230,11.14,17,4,0,0
2026-04-17 17:56:35,2.507,230,10.9,17,4,0,0
2026-04-17 17:57:35,2.217,230,9.64,17,4,0,0
2026-04-17 17:58:35,4.2,230,18.26,17,4,0,0
2026-04-17 17:59:35,3.924,230,17.06,17,4,0,0
2026-04-17 18:00:35,3.053,230,13.28,18,4,0,0
2026-04-17 18:01:35,2.981,230,12.96,18,4,0,0
2026-04-17 18:02:35,2.721,230,11.83,18,4,0,0
2026-04-17 18:03:35,2.555,230,11.11,18,4,0,0
2026-04-17 18:04:35,2.574,230,11.19,18,4,0,0
2026-04-17 18:05:35,4.44,230,19.3,18,4,0,0
2026-04-17 18:06:35,3.392,230,14.75,18,4,0,0
2026-04-17 18:07:35,3.497,230,15.2,18,4,0,0
2026-04-17 18:08:35,2.215,230,9.63,18,4,0,0
2026-04-17 18:09:35,2.242,230,9.75,18,4,0,0
2026-04-17 18:10:35,4.29,230,18.65,18,4,0,0
2026-04-17 18:11:35,3.784,230,16.45,18,4,0,0
2026-04-17 18:12:35,4.244,230,18.45,18,4,0,0
2026-04-17 18:13:35,2.87,230,12.48,18,4,0,0
2026-04-17 18:14:35,2.452,230,10.66,18,4,0,0
2026-04-17 18:15:35,3.49,230,15.18,18,4,0,0
2026-04-17 18:16:35,2.856,230,12.42,18,4,0,0
2026-04-17 18:17:35,2.191,230,9.53,18,4,0,0
2026-04-17 18:18:35,3.989,230,17.34,18,4,0,0
2026-04-17 18:19:35,2.873,230,12.49,18,4,0,0
2026-04-17 18:20:35,2.571,230,11.18,18,4,0,0
2026-04-17 18:21:35,4.394,230,19.11,18,4,0,0
2026-04-17 18:22:35,2.779,230,12.08,18,4,0,0
2026-04-17 18:23:35,4.423,230,19.23,18,4,0,0
2026-04-17 18:24:35,2.132,230,9.27,18,4,0,0
2026-04-17 18:25:35,2.625,230,11.41,18,4,0,0
2026-04-17 18:26:35,4.313,230,18.75,18,4,0,0
2026-04-17 18:27:35,2.337,230,10.16,18,4,0,0
2026-04-17 18:28:35,3.657,230,15.9,18,4,0,0
2026-04-17 18:29:35,2.542,230,11.05,18,4,0,0
2026-04-17 18:30:35,5.321,230,23.13,18,4,0,1
2026-04-17 18:31:35,3.854,230,16.76,18,4,0,0
2026-04-17 18:32:35,3.04,230,13.22,18,4,0,0
2026-04-17 18:33:35,3.952,230,17.18,18,4,0,0
2026-04-17 18:34:35,4.404,230,19.15,18,4,0,0
2026-04-17 18:35:35,3.787,230,16.47,18,4,0,0
2026-04-17 18:36:35,2.502,230,10.88,18,4,0,0
2026-04-17 18:37:35,4.089,230,17.78,18,4,0,0
2026-04-17 18:38:35,3.386,230,14.72,18,4,0,0
2026-04-17 18:39:35,2.769,230,12.04,18,4,0,0
2026-04-17 18:40:35,4.114,230,17.89,18,4,0,0
2026-04-17 18:41:35,2.897,230,12.59,18,4,0,0
2026-04-17 18:42:35,2.623,230,11.4,18,4,0,0
2026-04-17 18:43:35,2.764,230,12.02,18,4,0,0
2026-04-17 18:44:35,3.158,230,13.73,18,4,0,0
2026-04-17 18:45:35,7.702,230,33.49,18,4,0,1
2026-04-17 18:46:35,4.197,230,18.25,18,4,0,0
2026-04-17 18:47:35,4.401,230,19.13,18,4,0,0
2026-04-17 18:48:35,3.625,230,15.76,18,4,0,0
2026-04-17 18:49:35,3.831,230,16.66,18,4,0,0
2026-04-17 18:50:35,2.877,230,12.51,18,4,0,0
2026-04-17 18:51:35,3.878,230,16.86,18,4,0,0
2026-04-17 18:52:35,4.355,230,18.93,18,4,0,0
2026-04-17 18:53:35,2.196,230,9.55,18,4,0,0
2026-04-17 18:54:35,3.166,230,13.77,18,4,0,0
2026-04-17 18:55:35,2.849,230,12.39,18,4,0,0
2026-04-17 18:56:35,2.978,230,12.95,18,4,0,0
2026-04-17 18:57:35,3.254,230,14.15,18,4,0,0
2026-04-17 18:58:35,3.523,230,15.32,18,4,0,0
2026-04-17 18:59:35,3.483,230,15.14,18,4,0,0
2026-04-17 19:00:35,2.313,230,10.06,19,4,0,0
2026-04-17 19:01:35,4.412,230,19.18,19,4,0,0
2026-04-17 19:02:35,3.7,230,16.09,19,4,0,0
2026-04-17 19:03:35,3.045,230,13.24,19,4,0,0
2026-04-17 19:04:35,2.427,230,10.55,19,4,0,0
2026-04-17 19:05:35,4.445,230,19.33,19,4,0,0
2026-04-17 19:06:35,3.196,230,13.89,19,4,0,0
2026-04-17 19:07:35,3.33,230,14.48,19,4,0,0
2026-04-17 19:08:35,4.144,230,18.02,19,4,0,0
2026-04-17 19:09:35,2.661,230,11.57,19,4,0,0
2026-04-17 19:10:35,2.932,230,12.75,19,4,0,0
2026-04-17 19:11:35,2.999,230,13.04,19,4,0,0
2026-04-17 19:12:35,2.655,230,11.55,19,4,0,0
2026-04-17 19:13:35,3.872,230,16.83,19,4,0,0
2026-04-17 19:14:35,2.65,230,11.52,19,4,0,0
2026-04-17 19:15:35,3.953,230,17.19,19,4,0,0
2026-04-17 19:16:35,2.487,230,10.82,19,4,0,0
2026-04-17 19:17:35,2.696,230,11.72,19,4,0,0
2026-04-17 19:18:35,2.243,230,9.75,19,4,0,0
2026-04-17 19:19:35,2.37,230,10.3,19,4,0,0
2026-04-17 19:20:35,2.823,230,12.28,19,4,0,0
2026-04-17 19:21:35,3.773,230,16.41,19,4,0,0
2026-04-17 19:22:35,4.098,230,17.82,19,4,0,0
2026-04-17 19:23:35,2.038,230,8.86,19,4,0,0
2026-04-17 19:24:35,2.356,230,10.24,19,4,0,0
2026-04-17 19:25:35,2.245,230,9.76,19,4,0,0
2026-04-17 19:26:35,3.495,230,15.2,19,4,0,0
2026-04-17 19:27:35,2.928,230,12.73,19,4,0,0
2026-04-17 19:28:35,3.796,230,16.51,19,4,0,0
2026-04-17 19:29:35,2.991,230,13.0,19,4,0,0
2026-04-17 19:30:35,4.283,230,18.62,19,4,0,0
2026-04-17 19:31:35,4.43,230,19.26,19,4,0,0
2026-04-17 19:32:35,3.014,230,13.1,19,4,0,0
2026-04-17 19:33:35,3.063,230,13.32,19,4,0,0
2026-04-17 19:34:35,2.177,230,9.46,19,4,0,0
2026-04-17 19:35:35,4.25,230,18.48,19,4,0,0
2026-04-17 19:36:35,2.378,230,10.34,19,4,0,0
2026-04-17 19:37:35,2.568,230,11.16,19,4,0,0
2026-04-17 19:38:35,3.694,230,16.06,19,4,0,0
2026-04-17 19:39:35,3.716,230,16.16,19,4,0,0
2026-04-17 19:40:35,2.561,230,11.13,19,4,0,0
2026-04-17 19:41:35,3.644,230,15.84,19,4,0,0
2026-04-17 19:42:35,3.057,230,13.29,19,4,0,0
2026-04-17 19:43:35,4.229,230,18.39,19,4,0,0
2026-04-17 19:44:35,2.402,230,10.44,19,4,0,0
2026-04-17 19:45:35,3.123,230,13.58,19,4,0,0
2026-04-17 19:46:35,2.947,230,12.81,19,4,0,0
2026-04-17 19:47:35,2.454,230,10.67,19,4,0,0
2026-04-17 19:48:35,3.203,230,13.93,19,4,0,0
2026-04-17 19:49:35,3.019,230,13.13,19,4,0,0
2026-04-17 19:50:35,4.079,230,17.74,19,4,0,0
2026-04-17 19:51:35,3.605,230,15.67,19,4,0,0
2026-04-17 19:52:35,4.155,230,18.07,19,4,0,0
2026-04-17 19:53:35,2.378,230,10.34,19,4,0,0
2026-04-17 19:54:35,3.368,230,14.65,19,4,0,0
2026-04-17 19:55:35,2.506,230,10.9,19,4,0,0
2026-04-17 19:56:35,2.317,230,10.07,19,4,0,0
2026-04-17 19:57:35,3.865,230,16.81,19,4,0,1
2026-04-17 19:58:35,4.525,230,19.67,19,4,0,0
2026-04-17 19:59:35,3.817,230,16.59,19,4,0,0
2026-04-17 20:00:35,3.066,230,13.33,20,4,0,0
2026-04-17 20:01:35,3.403,230,14.8,20,4,0,0
2026-04-17 20:02:35,2.576,230,11.2,20,4,0,0
2026-04-17 20:03:35,2.346,230,10.2,20,4,0,0
2026-04-17 20:04:35,3.787,230,16.47,20,4,0,0
2026-04-17 20:05:35,3.098,230,13.47,20,4,0,0
2026-04-17 20:06:35,3.389,230,14.73,20,4,0,0
2026-04-17 20:07:35,3.232,230,14.05,20,4,0,0
2026-04-17 20:08:35,2.888,230,12.56,20,4,0,0
2026-04-17 20:09:35,2.383,230,10.36,20,4,0,0
2026-04-17 20:10:35,2.827,230,12.29,20,4,0,0
2026-04-17 20:11:35,5.209,230,22.65,20,4,0,1
2026-04-17 20:12:35,2.476,230,10.76,20,4,0,0
2026-04-17 20:13:35,3.132,230,13.62,20,4,0,0
2026-04-17 20:14:35,4.101,230,17.83,20,4,0,0
2026-04-17 20:15:35,3.811,230,16.57,20,4,0,0
2026-04-17 20:16:35,3.161,230,13.74,20,4,0,0
2026-04-17 20:17:35,3.623,230,15.75,20,4,0,0
2026-04-17 20:18:35,2.192,230,9.53,20,4,0,0
2026-04-17 20:19:35,4.277,230,18.6,20,4,0,0
2026-04-17 20:20:35,4.36,230,18.96,20,4,0,0
2026-04-17 20:21:35,4.226,230,18.37,20,4,0,0
2026-04-17 20:22:35,2.29,230,9.96,20,4,0,0
2026-04-17 20:23:35,4.047,230,17.6,20,4,0,0
2026-04-17 20:24:35,2.616,230,11.37,20,4,0,0
2026-04-17 20:25:35,1.995,230,8.67,20,4,0,0
2026-04-17 20:26:35,3.378,230,14.68,20,4,0,0
2026-04-17 20:27:35,4.218,230,18.34,20,4,0,0
2026-04-17 20:28:35,3.347,230,14.55,20,4,0,0
2026-04-17 20:29:35,2.608,230,11.34,20,4,0,0
2026-04-17 20:30:35,2.341,230,10.18,20,4,0,0
2026-04-17 20:31:35,2.159,230,9.39,20,4,0,0
2026-04-17 20:32:35,4.157,230,18.07,20,4,0,0
2026-04-17 20:33:35,2.37,230,10.31,20,4,0,0
2026-04-17 20:34:35,2.532,230,11.01,20,4,0,0
2026-04-17 20:35:35,2.952,230,12.83,20,4,0,0
2026-04-17 20:36:35,2.231,230,9.7,20,4,0,0
2026-04-17 20:37:35,4.412,230,19.18,20,4,0,0
2026-04-17 20:38:35,3.895,230,16.93,20,4,0,0
2026-04-17 20:39:35,3.53,230,15.35,20,4,0,0
2026-04-17 20:40:35,2.583,230,11.23,20,4,0,0
2026-04-17 20:41:35,3.394,230,14.76,20,4,0,0
2026-04-17 20:42:35,3.027,230,13.16,20,4,0,0
2026-04-17 20:43:35,2.966,230,12.89,20,4,0,0
2026-04-17 20:44:35,1.997,230,8.68,20,4,0,0
2026-04-17 20:45:35,2.36,230,10.26,20,4,0,0
2026-04-17 20:46:35,2.643,230,11.49,20,4,0,0
2026-04-17 20:47:35,2.86,230,12.43,20,4,0,0
2026-04-17 20:48:35,3.48,230,15.13,20,4,0,0
2026-04-17 20:49:35,2.361,230,10.27,20,4,0,0
2026-04-17 20:50:35,4.092,230,17.79,20,4,0,0
2026-04-17 20:51:35,4.328,230,18.82,20,4,0,0
2026-04-17 20:52:35,4.39,230,19.09,20,4,0,0
2026-04-17 20:53:35,4.361,230,18.96,20,4,0,0
2026-04-17 20:54:35,3.16,230,13.74,20,4,0,0
2026-04-17 20:55:35,3.671,230,15.96,20,4,0,0
2026-04-17 20:56:35,3.331,230,14.48,20,4,0,0
2026-04-17 20:57:35,2.17,230,9.43,20,4,0,0
2026-04-17 20:58:35,2.3,230,10.0,20,4,0,0
2026-04-17 20:59:35,2.707,230,11.77,20,4,0,0
2026-04-17 21:00:35,3.184,230,13.84,21,4,0,0
2026-04-17 21:01:35,3.1,230,13.48,21,4,0,0
2026-04-17 21:02:35,2.467,230,10.72,21,4,0,0
2026-04-17 21:03:35,3.578,230,15.56,21,4,0,0
2026-04-17 21:04:35,3.642,230,15.84,21,4,0,0
2026-04-17 21:05:35,4.08,230,17.74,21,4,0,0
2026-04-17 21:06:35,2.903,230,12.62,21,4,0,0
2026-04-17 21:07:35,3.239,230,14.08,21,4,0,0
2026-04-17 21:08:35,3.374,230,14.67,21,4,0,0
2026-04-17 21:09:35,4.01,230,17.44,21,4,0,0
2026-04-17 21:10:35,3.774,230,16.41,21,4,0,0
2026-04-17 21:11:35,4.367,230,18.99,21,4,0,0
2026-04-17 21:12:35,3.015,230,13.11,21,4,0,0
2026-04-17 21:13:35,2.322,230,10.1,21,4,0,0
2026-04-17 21:14:35,2.389,230,10.39,21,4,0,0
2026-04-17 21:15:35,3.535,230,15.37,21,4,0,0
2026-04-17 21:16:35,2.442,230,10.62,21,4,0,0
2026-04-17 21:17:35,2.579,230,11.21,21,4,0,0
2026-04-17 21:18:35,2.334,230,10.15,21,4,0,0
2026-04-17 21:19:35,2.619,230,11.39,21,4,0,0
2026-04-17 21:20:35,3.864,230,16.8,21,4,0,0
2026-04-17 21:21:35,3.181,230,13.83,21,4,0,0
2026-04-17 21:22:35,3.69,230,16.04,21,4,0,0
2026-04-17 21:23:35,2.864,230,12.45,21,4,0,0
2026-04-17 21:24:35,2.832,230,12.31,21,4,0,0
2026-04-17 21:25:35,2.767,230,12.03,21,4,0,0
2026-04-17 21:26:35,3.357,230,14.6,21,4,0,0
2026-04-17 21:27:35,4.293,230,18.66,21,4,0,0
2026-04-17 21:28:35,2.815,230,12.24,21,4,0,0
2026-04-17 21:29:35,4.478,230,19.47,21,4,0,0
2026-04-17 21:30:35,3.767,230,16.38,21,4,0,0
2026-04-17 21:31:35,2.41,230,10.48,21,4,0,0
2026-04-17 21:32:35,4.145,230,18.02,21,4,0,0
2026-04-17 21:33:35,2.875,230,12.5,21,4,0,0
2026-04-17 21:34:35,3.906,230,16.98,21,4,0,0
2026-04-17 21:35:35,2.632,230,11.44,21,4,0,0
2026-04-17 21:36:35,4.406,230,19.15,21,4,0,0
2026-04-17 21:37:35,7.52,230,32.69,21,4,0,1
2026-04-17 21:38:35,3.792,230,16.49,21,4,0,0
2026-04-17 21:39:35,3.814,230,16.58,21,4,0,0
2026-04-17 21:40:35,3.01,230,13.09,21,4,0,0
2026-04-17 21:41:35,6.438,230,27.99,21,4,0,1
2026-04-17 21:42:35,3.618,230,15.73,21,4,0,0
2026-04-17 21:43:35,4.075,230,17.72,21,4,0,0
2026-04-17 21:44:35,4.112,230,17.88,21,4,0,0
2026-04-17 21:45:35,2.613,230,11.36,21,4,0,0
2026-04-17 21:46:35,2.748,230,11.95,21,4,0,0
2026-04-17 21:47:35,2.963,230,12.88,21,4,0,0
2026-04-17 21:48:35,3.007,230,13.07,21,4,0,0
2026-04-17 21:49:35,2.927,230,12.73,21,4,0,0
2026-04-17 21:50:35,2.157,230,9.38,21,4,0,0
2026-04-17 21:51:35,2.254,230,9.8,21,4,0,0
2026-04-17 21:52:35,2.117,230,9.2,21,4,0,0
2026-04-17 21:53:35,2.413,230,10.49,21,4,0,0
2026-04-17 21:54:35,2.918,230,12.68,21,4,0,0
2026-04-17 21:55:35,3.817,230,16.6,21,4,0,0
2026-04-17 21:56:35,2.906,230,12.63,21,4,0,0
2026-04-17 21:57:35,2.539,230,11.04,21,4,0,0
2026-04-17 21:58:35,2.282,230,9.92,21,4,0,0
2026-04-17 21:59:35,3.05,230,13.26,21,4,0,0
2026-04-17 22:00:35,2.845,230,12.37,22,4,0,0
2026-04-17 22:01:35,2.893,230,12.58,22,4,0,0
2026-04-17 22:02:35,3.485,230,15.15,22,4,0,0
2026-04-17 22:03:35,2.905,230,12.63,22,4,0,0
2026-04-17 22:04:35,3.365,230,14.63,22,4,0,0
2026-04-17 22:05:35,3.725,230,16.19,22,4,0,0
2026-04-17 22:06:35,2.188,230,9.51,22,4,0,0
2026-04-17 22:07:35,3.421,230,14.88,22,4,0,0
2026-04-17 22:08:35,2.53,230,11.0,22,4,0,0
2026-04-17 22:09:35,2.5,230,10.87,22,4,0,0
2026-04-17 22:10:35,2.174,230,9.45,22,4,0,0
2026-04-17 22:11:35,2.802,230,12.18,22,4,0,0
2026-04-17 22:12:35,2.912,230,12.66,22,4,0,0
2026-04-17 22:13:35,3.49,230,15.17,22,4,0,0
2026-04-17 22:14:35,2.129,230,9.26,22,4,0,0
2026-04-17 22:15:35,3.672,230,15.97,22,4,0,0
2026-04-17 22:16:35,3.681,230,16.0,22,4,0,0
2026-04-17 22:17:35,3.15,230,13.7,22,4,0,0
2026-04-17 22:18:35,3.195,230,13.89,22,4,0,0
2026-04-17 22:19:35,2.093,230,9.1,22,4,0,0
2026-04-17 22:20:35,3.646,230,15.85,22,4,0,0
2026-04-17 22:21:35,4.191,230,18.22,22,4,0,0
2026-04-17 22:22:35,2.597,230,11.29,22,4,0,0
2026-04-17 22:23:35,2.063,230,8.97,22,4,0,0
2026-04-17 22:24:35,4.018,230,17.47,22,4,0,0
2026-04-17 22:25:35,2.723,230,11.84,22,4,0,0
2026-04-17 22:26:35,3.159,230,13.74,22,4,0,0
2026-04-17 22:27:35,2.574,230,11.19,22,4,0,0
2026-04-17 22:28:35,3.569,230,15.52,22,4,0,0
2026-04-17 22:29:35,4.161,230,18.09,22,4,0,0
2026-04-17 22:30:35,4.834,230,21.02,22,4,0,1
2026-04-17 22:31:35,2.36,230,10.26,22,4,0,0
2026-04-17 22:32:35,2.07,230,9.0,22,4,0,0
2026-04-17 22:33:35,5.917,230,25.73,22,4,0,1
2026-04-17 22:34:35,2.841,230,12.35,22,4,0,0
2026-04-17 22:35:35,4.077,230,17.73,22,4,0,0
2026-04-17 22:36:35,3.472,230,15.1,22,4,0,0
2026-04-17 22:37:35,3.587,230,15.6,22,4,0,0
2026-04-17 22:38:35,3.521,230,15.31,22,4,0,0
2026-04-17 22:39:35,3.669,230,15.95,22,4,0,0
2026-04-17 22:40:35,4.015,230,17.46,22,4,0,0
2026-04-17 22:41:35,3.056,230,13.29,22,4,0,0
2026-04-17 22:42:35,4.415,230,19.2,22,4,0,0
2026-04-17 22:43:35,2.286,230,9.94,22,4,0,0
2026-04-17 22:44:35,3.888,230,16.9,22,4,0,0
2026-04-17 22:45:35,2.221,230,9.65,22,4,0,0
2026-04-17 22:46:35,3.562,230,15.49,22,4,0,0
2026-04-17 22:47:35,2.303,230,10.01,22,4,0,0
2026-04-17 22:48:35,4.272,230,18.57,22,4,0,0
2026-04-17 22:49:35,3.229,230,14.04,22,4,0,0
2026-04-17 22:50:35,2.694,230,11.71,22,4,0,0
2026-04-17 22:51:35,2.45,230,10.65,22,4,0,0
2026-04-17 22:52:35,2.495,230,10.85,22,4,0,0
2026-04-17 22:53:35,2.093,230,9.1,22,4,0,0
2026-04-17 22:54:35,4.285,230,18.63,22,4,0,0
2026-04-17 22:55:35,4.445,230,19.33,22,4,0,0
2026-04-17 22:56:35,3.214,230,13.97,22,4,0,0
2026-04-17 22:57:35,2.141,230,9.31,22,4,0,0
2026-04-17 22:58:35,2.266,230,9.85,22,4,0,0
2026-04-17 22:59:35,4.241,230,18.44,22,4,0,0
2026-04-17 23:00:35,1.194,230,5.19,23,4,0,0
2026-04-17 23:01:35,1.195,230,5.2,23,4,0,0
2026-04-17 23:02:35,1.299,230,5.65,23,4,0,0
2026-04-17 23:03:35,1.03,230,4.48,23,4,0,0
2026-04-17 23:04:35,1.49,230,6.48,23,4,0,0
2026-04-17 23:05:35,1.269,230,5.52,23,4,0,0
2026-04-17 23:06:35,0.928,230,4.04,23,4,0,0
2026-04-17 23:07:35,1.36,230,5.91,23,4,0,0
2026-04-17 23:08:35,0.922,230,4.01,23,4,0,0
2026-04-17 23:09:35,1.36,230,5.91,23,4,0,0
2026-04-17 23:10:35,1.092,230,4.75,23,4,0,0
2026-04-17 23:11:35,1.296,230,5.63,23,4,0,0
2026-04-17 23:12:35,0.893,230,3.88,23,4,0,0
2026-04-17 23:13:35,1.483,230,6.45,23,4,0,0
2026-04-17 23:14:35,1.513,230,6.58,23,4,0,0
2026-04-17 23:15:35,1.07,230,4.65,23,4,0,0
2026-04-17 23:16:35,1.198,230,5.21,23,4,0,0
2026-04-17 23:17:35,1.369,230,5.95,23,4,0,0
2026-04-17 23:18:35,0.761,230,3.31,23,4,0,0
2026-04-17 23:19:35,1.209,230,5.26,23,4,0,0
2026-04-17 23:20:35,0.869,230,3.78,23,4,0,0
2026-04-17 23:21:35,2.214,230,9.63,23,4,0,1
2026-04-17 23:22:35,0.78,230,3.39,23,4,0,0
2026-04-17 23:23:35,1.359,230,5.91,23,4,0,0
2026-04-17 23:24:35,1.21,230,5.26,23,4,0,0
2026-04-17 23:25:35,1.152,230,5.01,23,4,0,0
2026-04-17 23:26:35,1.267,230,5.51,23,4,0,0
2026-04-17 23:27:35,1.303,230,5.67,23,4,0,0
2026-04-17 23:28:35,0.849,230,3.69,23,4,0,0
2026-04-17 23:29:35,1.414,230,6.15,23,4,0,0
2026-04-17 23:30:35,1.235,230,5.37,23,4,0,0
2026-04-17 23:31:35,1.214,230,5.28,23,4,0,0
2026-04-17 23:32:35,1.003,230,4.36,23,4,0,0
2026-04-17 23:33:35,0.915,230,3.98,23,4,0,0
2026-04-17 23:34:35,1.149,230,4.99,23,4,0,0
2026-04-17 23:35:35,1.069,230,4.65,23,4,0,0
2026-04-17 23:36:35,0.966,230,4.2,23,4,0,0
2026-04-17 23:37:35,1.215,230,5.28,23,4,0,0
2026-04-17 23:38:35,0.923,230,4.01,23,4,0,0
2026-04-17 23:39:35,1.215,230,5.28,23,4,0,0
2026-04-17 23:40:35,0.967,230,4.21,23,4,0,0
2026-04-17 23:41:35,0.837,230,3.64,23,4,0,0
2026-04-17 23:42:35,0.925,230,4.02,23,4,0,0
2026-04-17 23:43:35,1.45,230,6.3,23,4,0,0
2026-04-17 23:44:35,1.062,230,4.62,23,4,0,0
2026-04-17 23:45:35,0.801,230,3.48,23,4,0,0
2026-04-17 23:46:35,1.121,230,4.87,23,4,0,0
2026-04-17 23:47:35,1.183,230,5.14,23,4,0,0
2026-04-17 23:48:35,1.153,230,5.01,23,4,0,0
2026-04-17 23:49:35,1.363,230,5.92,23,4,0,0
2026-04-17 23:50:35,0.873,230,3.8,23,4,0,0
2026-04-17 23:51:35,3.267,230,14.2,23,4,0,1
2026-04-17 23:52:35,0.901,230,3.92,23,4,0,0
2026-04-17 23:53:35,1.037,230,4.51,23,4,0,0
2026-04-17 23:54:35,1.007,230,4.38,23,4,0,0
2026-04-17 23:55:35,1.066,230,4.63,23,4,0,0
2026-04-17 23:56:35,1.446,230,6.29,23,4,0,0
2026-04-17 23:57:35,0.861,230,3.74,23,4,0,0
2026-04-17 23:58:35,0.993,230,4.32,23,4,0,0
2026-04-17 23:59:35,1.168,230,5.08,23,4,0,0
2026-04-18 00:00:35,0.628,230,2.73,0,5,1,0
2026-04-18 00:01:35,0.352,230,1.53,0,5,1,0
2026-04-18 00:02:35,0.486,230,2.11,0,5,1,0
2026-04-18 00:03:35,0.473,230,2.06,0,5,1,0
2026-04-18 00:04:35,0.465,230,2.02,0,5,1,0
2026-04-18 00:05:35,0.363,230,1.58,0,5,1,0
2026-04-18 00:06:35,3.674,230,15.97,0,5,1,1
2026-04-18 00:07:35,0.371,230,1.61,0,5,1,0
2026-04-18 00:08:35,0.697,230,3.03,0,5,1,0
2026-04-18 00:09:35,0.427,230,1.85,0,5,1,0
2026-04-18 00:10:35,0.838,230,3.64,0,5,1,0
2026-04-18 00:11:35,0.76,230,3.3,0,5,1,0
2026-04-18 00:12:35,0.515,230,2.24,0,5,1,0
2026-04-18 00:13:35,0.846,230,3.68,0,5,1,0
2026-04-18 00:14:35,0.528,230,2.29,0,5,1,0
2026-04-18 00:15:35,0.442,230,1.92,0,5,1,0
2026-04-18 00:16:35,0.375,230,1.63,0,5,1,0
2026-04-18 00:17:35,0.618,230,2.69,0,5,1,0
2026-04-18 00:18:35,0.616,230,2.68,0,5,1,0
2026-04-18 00:19:35,0.879,230,3.82,0,5,1,0
2026-04-18 00:20:35,0.385,230,1.67,0,5,1,0
2026-04-18 00:21:35,0.588,230,2.56,0,5,1,0
2026-04-18 00:22:35,0.807,230,3.51,0,5,1,0
2026-04-18 00:23:35,0.348,230,1.51,0,5,1,0
2026-04-18 00:24:35,0.778,230,3.38,0,5,1,0
2026-04-18 00:25:35,0.794,230,3.45,0,5,1,0
2026-04-18 00:26:35,0.582,230,2.53,0,5,1,0
2026-04-18 00:27:35,0.704,230,3.06,0,5,1,0
2026-04-18 00:28:35,0.546,230,2.37,0,5,1,0
2026-04-18 00:29:35,0.708,230,3.08,0,5,1,0
2026-04-18 00:30:35,0.724,230,3.15,0,5,1,0
2026-04-18 00:31:35,0.622,230,2.7,0,5,1,0
2026-04-18 00:32:35,3.899,230,16.95,0,5,1,1
2026-04-18 00:33:35,0.883,230,3.84,0,5,1,0
2026-04-18 00:34:35,0.575,230,2.5,0,5,1,0
2026-04-18 00:35:35,0.364,230,1.58,0,5,1,0
2026-04-18 00:36:35,0.335,230,1.46,0,5,1,0
2026-04-18 00:37:35,0.791,230,3.44,0,5,1,0
2026-04-18 00:38:35,0.735,230,3.2,0,5,1,0
2026-04-18 00:39:35,0.535,230,2.32,0,5,1,0
2026-04-18 00:40:35,3.29,230,14.3,0,5,1,1
2026-04-18 00:41:35,3.157,230,13.73,0,5,1,1
2026-04-18 00:42:35,0.384,230,1.67,0,5,1,0
2026-04-18 00:43:35,0.67,230,2.91,0,5,1,0
2026-04-18 00:44:35,0.504,230,2.19,0,5,1,0
2026-04-18 00:45:35,0.447,230,1.94,0,5,1,0
2026-04-18 00:46:35,0.48,230,2.09,0,5,1,0
2026-04-18 00:47:35,0.536,230,2.33,0,5,1,0
2026-04-18 00:48:35,0.523,230,2.27,0,5,1,0
2026-04-18 00:49:35,0.632,230,2.75,0,5,1,0
2026-04-18 00:50:35,0.572,230,2.49,0,5,1,0
2026-04-18 00:51:35,0.57,230,2.48,0,5,1,0
2026-04-18 00:52:35,0.771,230,3.35,0,5,1,0
2026-04-18 00:53:35,0.868,230,3.77,0,5,1,0
2026-04-18 00:54:35,0.826,230,3.59,0,5,1,0
2026-04-18 00:55:35,0.751,230,3.26,0,5,1,0
2026-04-18 00:56:35,0.43,230,1.87,0,5,1,0
2026-04-18 00:57:35,0.787,230,3.42,0,5,1,0
2026-04-18 00:58:35,0.289,230,1.26,0,5,1,0
2026-04-18 00:59:35,0.538,230,2.34,0,5,1,0
2026-04-18 01:00:35,0.45,230,1.96,1,5,1,0
2026-04-18 01:01:35,0.668,230,2.91,1,5,1,0
2026-04-18 01:02:35,0.435,230,1.89,1,5,1,0
2026-04-18 01:03:35,0.609,230,2.65,1,5,1,0
2026-04-18 01:04:35,0.67,230,2.91,1,5,1,0
2026-04-18 01:05:35,0.572,230,2.49,1,5,1,0
2026-04-18 01:06:35,0.619,230,2.69,1,5,1,0
2026-04-18 01:07:35,0.52,230,2.26,1,5,1,0
2026-04-18 01:08:35,0.638,230,2.77,1,5,1,0
2026-04-18 01:09:35,0.791,230,3.44,1,5,1,0
2026-04-18 01:10:35,0.502,230,2.18,1,5,1,0
2026-04-18 01:11:35,0.771,230,3.35,1,5,1,0
2026-04-18 01:12:35,0.749,230,3.26,1,5,1,0
2026-04-18 01:13:35,0.923,230,4.01,1,5,1,0
2026-04-18 01:14:35,0.712,230,3.09,1,5,1,0
2026-04-18 01:15:35,0.681,230,2.96,1,5,1,0
2026-04-18 01:16:35,0.609,230,2.65,1,5,1,0
2026-04-18 01:17:35,0.524,230,2.28,1,5,1,0
2026-04-18 01:18:35,0.653,230,2.84,1,5,1,0
2026-04-18 01:19:35,0.543,230,2.36,1,5,1,0
2026-04-18 01:20:35,0.465,230,2.02,1,5,1,0
2026-04-18 01:21:35,0.537,230,2.34,1,5,1,0
2026-04-18 01:22:35,0.851,230,3.7,1,5,1,0
2026-04-18 01:23:35,0.716,230,3.11,1,5,1,0
2026-04-18 01:24:35,0.326,230,1.42,1,5,1,0
2026-04-18 01:25:35,0.641,230,2.79,1,5,1,0
2026-04-18 01:26:35,0.393,230,1.71,1,5,1,0
2026-04-18 01:27:35,0.776,230,3.37,1,5,1,0
2026-04-18 01:28:35,0.442,230,1.92,1,5,1,0
2026-04-18 01:29:35,0.552,230,2.4,1,5,1,0
2026-04-18 01:30:35,0.942,230,4.1,1,5,1,0
2026-04-18 01:31:35,0.712,230,3.1,1,5,1,0
2026-04-18 01:32:35,0.452,230,1.96,1,5,1,0
2026-04-18 01:33:35,0.429,230,1.86,1,5,1,0
2026-04-18 01:34:35,0.729,230,3.17,1,5,1,0
2026-04-18 01:35:35,0.62,230,2.7,1,5,1,0
2026-04-18 01:36:35,0.57,230,2.48,1,5,1,0
2026-04-18 01:37:35,0.853,230,3.71,1,5,1,0
2026-04-18 01:38:35,0.495,230,2.15,1,5,1,0
2026-04-18 01:39:35,0.814,230,3.54,1,5,1,0
2026-04-18 01:40:35,0.76,230,3.3,1,5,1,0
2026-04-18 01:41:35,0.485,230,2.11,1,5,1,0
2026-04-18 01:42:35,0.477,230,2.07,1,5,1,0
2026-04-18 01:43:35,0.783,230,3.4,1,5,1,0
2026-04-18 01:44:35,0.606,230,2.64,1,5,1,0
2026-04-18 01:45:35,0.84,230,3.65,1,5,1,0
2026-04-18 01:46:35,0.559,230,2.43,1,5,1,0
2026-04-18 01:47:35,0.354,230,1.54,1,5,1,0
2026-04-18 01:48:35,0.406,230,1.76,1,5,1,0
2026-04-18 01:49:35,0.764,230,3.32,1,5,1,0
2026-04-18 01:50:35,0.56,230,2.43,1,5,1,0
2026-04-18 01:51:35,0.531,230,2.31,1,5,1,0
2026-04-18 01:52:35,0.408,230,1.77,1,5,1,0
2026-04-18 01:53:35,0.346,230,1.5,1,5,1,0
2026-04-18 01:54:35,0.637,230,2.77,1,5,1,0
2026-04-18 01:55:35,0.758,230,3.3,1,5,1,0
2026-04-18 01:56:35,0.541,230,2.35,1,5,1,0
2026-04-18 01:57:35,0.752,230,3.27,1,5,1,0
2026-04-18 01:58:35,0.577,230,2.51,1,5,1,0
2026-04-18 01:59:35,0.394,230,1.71,1,5,1,0
2026-04-18 02:00:35,0.831,230,3.61,2,5,1,0
2026-04-18 02:01:35,0.772,230,3.36,2,5,1,0
2026-04-18 02:02:35,0.849,230,3.69,2,5,1,0
2026-04-18 02:03:35,2.719,230,11.82,2,5,1,1
2026-04-18 02:04:35,0.556,230,2.42,2,5,1,0
2026-04-18 02:05:35,0.622,230,2.71,2,5,1,0
2026-04-18 02:06:35,0.896,230,3.9,2,5,1,0
2026-04-18 02:07:35,0.772,230,3.36,2,5,1,0
2026-04-18 02:08:35,0.706,230,3.07,2,5,1,0
2026-04-18 02:09:35,0.571,230,2.48,2,5,1,0
2026-04-18 02:10:35,0.638,230,2.77,2,5,1,0
2026-04-18 02:11:35,0.558,230,2.43,2,5,1,0
2026-04-18 02:12:35,0.807,230,3.51,2,5,1,0
2026-04-18 02:13:35,0.772,230,3.36,2,5,1,0
2026-04-18 02:14:35,0.688,230,2.99,2,5,1,0
2026-04-18 02:15:35,0.833,230,3.62,2,5,1,0
2026-04-18 02:16:35,0.511,230,2.22,2,5,1,0
2026-04-18 02:17:35,0.652,230,2.83,2,5,1,0
2026-04-18 02:18:35,0.398,230,1.73,2,5,1,0
2026-04-18 02:19:35,0.513,230,2.23,2,5,1,0
2026-04-18 02:20:35,0.899,230,3.91,2,5,1,0
2026-04-18 02:21:35,0.835,230,3.63,2,5,1,0
2026-04-18 02:22:35,0.525,230,2.28,2,5,1,0
2026-04-18 02:23:35,0.834,230,3.62,2,5,1,0
2026-04-18 02:24:35,0.367,230,1.6,2,5,1,0
2026-04-18 02:25:35,0.647,230,2.81,2,5,1,0
2026-04-18 02:26:35,0.424,230,1.84,2,5,1,0
2026-04-18 02:27:35,0.813,230,3.53,2,5,1,0
2026-04-18 02:28:35,0.519,230,2.26,2,5,1,0
2026-04-18 02:29:35,0.573,230,2.49,2,5,1,0
2026-04-18 02:30:35,0.552,230,2.4,2,5,1,0
2026-04-18 02:31:35,0.745,230,3.24,2,5,1,0
2026-04-18 02:32:35,0.81,230,3.52,2,5,1,0
2026-04-18 02:33:35,0.558,230,2.43,2,5,1,0
2026-04-18 02:34:35,0.33,230,1.44,2,5,1,0
2026-04-18 02:35:35,0.504,230,2.19,2,5,1,0
2026-04-18 02:36:35,0.45,230,1.96,2,5,1,0
2026-04-18 02:37:35,0.551,230,2.39,2,5,1,0
2026-04-18 02:38:35,0.904,230,3.93,2,5,1,0
2026-04-18 02:39:35,0.721,230,3.13,2,5,1,0
2026-04-18 02:40:35,0.941,230,4.09,2,5,1,0
2026-04-18 02:41:35,0.469,230,2.04,2,5,1,0
2026-04-18 02:42:35,0.489,230,2.13,2,5,1,0
2026-04-18 02:43:35,0.424,230,1.84,2,5,1,0
2026-04-18 02:44:35,0.619,230,2.69,2,5,1,0
2026-04-18 02:45:35,0.539,230,2.35,2,5,1,0
2026-04-18 02:46:35,0.61,230,2.65,2,5,1,0
2026-04-18 02:47:35,0.822,230,3.57,2,5,1,0
2026-04-18 02:48:35,0.65,230,2.83,2,5,1,0
2026-04-18 02:49:35,0.697,230,3.03,2,5,1,0
2026-04-18 02:50:35,0.599,230,2.61,2,5,1,0
2026-04-18 02:51:35,0.777,230,3.38,2,5,1,0
2026-04-18 02:52:35,0.576,230,2.5,2,5,1,0
2026-04-18 02:53:35,0.415,230,1.8,2,5,1,0
2026-04-18 02:54:35,0.31,230,1.35,2,5,1,0
2026-04-18 02:55:35,0.536,230,2.33,2,5,1,0
2026-04-18 02:56:35,0.731,230,3.18,2,5,1,0
2026-04-18 02:57:35,0.603,230,2.62,2,5,1,0
2026-04-18 02:58:35,0.466,230,2.03,2,5,1,0
2026-04-18 02:59:35,0.835,230,3.63,2,5,1,0
2026-04-18 03:00:35,4.089,230,17.78,3,5,1,1
2026-04-18 03:01:35,0.577,230,2.51,3,5,1,0
2026-04-18 03:02:35,0.359,230,1.56,3,5,1,0
2026-04-18 03:03:35,0.423,230,1.84,3,5,1,0
2026-04-18 03:04:35,0.79,230,3.43,3,5,1,0
2026-04-18 03:05:35,0.726,230,3.16,3,5,1,0
2026-04-18 03:06:35,0.321,230,1.4,3,5,1,0
2026-04-18 03:07:35,0.778,230,3.38,3,5,1,0
2026-04-18 03:08:35,0.725,230,3.15,3,5,1,0
2026-04-18 03:09:35,0.747,230,3.25,3,5,1,0
2026-04-18 03:10:35,0.445,230,1.94,3,5,1,0
2026-04-18 03:11:35,0.836,230,3.63,3,5,1,0
2026-04-18 03:12:35,0.407,230,1.77,3,5,1,0
2026-04-18 03:13:35,0.794,230,3.45,3,5,1,0
2026-04-18 03:14:35,4.141,230,18.01,3,5,1,1
2026-04-18 03:15:35,0.817,230,3.55,3,5,1,0
2026-04-18 03:16:35,0.654,230,2.84,3,5,1,0
2026-04-18 03:17:35,0.534,230,2.32,3,5,1,0
2026-04-18 03:18:35,0.392,230,1.71,3,5,1,0
2026-04-18 03:19:35,0.696,230,3.02,3,5,1,0
2026-04-18 03:20:35,0.266,230,1.16,3,5,1,0
2026-04-18 03:21:35,0.854,230,3.71,3,5,1,0
2026-04-18 03:22:35,0.605,230,2.63,3,5,1,0
2026-04-18 03:23:35,0.555,230,2.41,3,5,1,0
2026-04-18 03:24:35,0.864,230,3.76,3,5,1,0
2026-04-18 03:25:35,0.363,230,1.58,3,5,1,0
2026-04-18 03:26:35,0.371,230,1.61,3,5,1,0
2026-04-18 03:27:35,0.484,230,2.11,3,5,1,0
2026-04-18 03:28:35,0.662,230,2.88,3,5,1,0
2026-04-18 03:29:35,0.749,230,3.26,3,5,1,0
2026-04-18 03:30:35,0.525,230,2.28,3,5,1,0
2026-04-18 03:31:35,0.698,230,3.04,3,5,1,0
2026-04-18 03:32:35,0.676,230,2.94,3,5,1,0
2026-04-18 03:33:35,0.749,230,3.26,3,5,1,0
2026-04-18 03:34:35,0.69,230,3.0,3,5,1,0
2026-04-18 03:35:35,0.711,230,3.09,3,5,1,0
2026-04-18 03:36:35,0.515,230,2.24,3,5,1,0
2026-04-18 03:37:35,0.831,230,3.61,3,5,1,0
2026-04-18 03:38:35,0.701,230,3.05,3,5,1,0
2026-04-18 03:39:35,0.622,230,2.7,3,5,1,0
2026-04-18 03:40:35,0.855,230,3.72,3,5,1,0
2026-04-18 03:41:35,0.945,230,4.11,3,5,1,0
2026-04-18 03:42:35,0.379,230,1.65,3,5,1,0
2026-04-18 03:43:35,0.58,230,2.52,3,5,1,0
2026-04-18 03:44:35,0.874,230,3.8,3,5,1,0
2026-04-18 03:45:35,0.793,230,3.45,3,5,1,0
2026-04-18 03:46:35,0.32,230,1.39,3,5,1,0
2026-04-18 03:47:35,0.429,230,1.86,3,5,1,0
2026-04-18 03:48:35,3.032,230,13.18,3,5,1,1
2026-04-18 03:49:35,0.442,230,1.92,3,5,1,0
2026-04-18 03:50:35,0.489,230,2.13,3,5,1,0
2026-04-18 03:51:35,0.359,230,1.56,3,5,1,0
2026-04-18 03:52:35,0.584,230,2.54,3,5,1,0
2026-04-18 03:53:35,0.481,230,2.09,3,5,1,0
2026-04-18 03:54:35,0.603,230,2.62,3,5,1,0
2026-04-18 03:55:35,0.65,230,2.83,3,5,1,0
2026-04-18 03:56:35,0.544,230,2.37,3,5,1,0
2026-04-18 03:57:35,0.497,230,2.16,3,5,1,0
2026-04-18 03:58:35,0.518,230,2.25,3,5,1,0
2026-04-18 03:59:35,0.806,230,3.5,3,5,1,0
2026-04-18 04:00:35,0.731,230,3.18,4,5,1,0
2026-04-18 04:01:35,0.737,230,3.21,4,5,1,0
2026-04-18 04:02:35,0.956,230,4.16,4,5,1,0
2026-04-18 04:03:35,0.379,230,1.65,4,5,1,0
2026-04-18 04:04:35,0.608,230,2.64,4,5,1,0
2026-04-18 04:05:35,0.66,230,2.87,4,5,1,0
2026-04-18 04:06:35,0.705,230,3.06,4,5,1,0
2026-04-18 04:07:35,0.457,230,1.99,4,5,1,0
2026-04-18 04:08:35,0.512,230,2.23,4,5,1,0
2026-04-18 04:09:35,0.523,230,2.28,4,5,1,0
2026-04-18 04:10:35,0.695,230,3.02,4,5,1,0
2026-04-18 04:11:35,0.653,230,2.84,4,5,1,0
2026-04-18 04:12:35,0.886,230,3.85,4,5,1,0
2026-04-18 04:13:35,0.749,230,3.26,4,5,1,0
2026-04-18 04:14:35,0.691,230,3.0,4,5,1,0
2026-04-18 04:15:35,0.637,230,2.77,4,5,1,0
2026-04-18 04:16:35,0.386,230,1.68,4,5,1,0
2026-04-18 04:17:35,0.23,230,1.0,4,5,1,0
2026-04-18 04:18:35,0.38,230,1.65,4,5,1,0
2026-04-18 04:19:35,0.743,230,3.23,4,5,1,0
2026-04-18 04:20:35,0.838,230,3.64,4,5,1,0
2026-04-18 04:21:35,0.604,230,2.63,4,5,1,0
2026-04-18 04:22:35,0.844,230,3.67,4,5,1,0
2026-04-18 04:23:35,0.501,230,2.18,4,5,1,0
2026-04-18 04:24:35,0.66,230,2.87,4,5,1,0
2026-04-18 04:25:35,0.386,230,1.68,4,5,1,0
2026-04-18 04:26:35,0.818,230,3.56,4,5,1,0
2026-04-18 04:27:35,0.467,230,2.03,4,5,1,0
2026-04-18 04:28:35,0.437,230,1.9,4,5,1,0
2026-04-18 04:29:35,0.494,230,2.15,4,5,1,0
2026-04-18 04:30:35,0.44,230,1.91,4,5,1,0
2026-04-18 04:31:35,0.619,230,2.69,4,5,1,0
2026-04-18 04:32:35,0.535,230,2.33,4,5,1,0
2026-04-18 04:33:35,0.548,230,2.38,4,5,1,0
2026-04-18 04:34:35,0.346,230,1.5,4,5,1,0
2026-04-18 04:35:35,0.749,230,3.26,4,5,1,0
2026-04-18 04:36:35,0.566,230,2.46,4,5,1,0
2026-04-18 04:37:35,0.674,230,2.93,4,5,1,0
2026-04-18 04:38:35,0.77,230,3.35,4,5,1,0
2026-04-18 04:39:35,0.867,230,3.77,4,5,1,0
2026-04-18 04:40:35,0.703,230,3.05,4,5,1,0
2026-04-18 04:41:35,0.524,230,2.28,4,5,1,0
2026-04-18 04:42:35,0.746,230,3.24,4,5,1,0
2026-04-18 04:43:35,0.624,230,2.71,4,5,1,0
2026-04-18 04:44:35,0.513,230,2.23,4,5,1,0
2026-04-18 04:45:35,0.812,230,3.53,4,5,1,0
2026-04-18 04:46:35,0.719,230,3.13,4,5,1,0
2026-04-18 04:47:35,0.616,230,2.68,4,5,1,0
2026-04-18 04:48:35,0.847,230,3.68,4,5,1,0
2026-04-18 04:49:35,0.825,230,3.59,4,5,1,0
2026-04-18 04:50:35,0.647,230,2.81,4,5,1,0
2026-04-18 04:51:35,0.295,230,1.28,4,5,1,0
2026-04-18 04:52:35,0.492,230,2.14,4,5,1,0
2026-04-18 04:53:35,0.643,230,2.79,4,5,1,0
2026-04-18 04:54:35,0.474,230,2.06,4,5,1,0
2026-04-18 04:55:35,0.747,230,3.25,4,5,1,0
2026-04-18 04:56:35,3.809,230,16.56,4,5,1,1
2026-04-18 04:57:35,0.894,230,3.89,4,5,1,0
2026-04-18 04:58:35,0.414,230,1.8,4,5,1,0
2026-04-18 04:59:35,0.62,230,2.7,4,5,1,0
2026-04-18 05:00:35,0.676,230,2.94,5,5,1,0
2026-04-18 05:01:35,0.424,230,1.84,5,5,1,0
2026-04-18 05:02:35,0.583,230,2.53,5,5,1,0
2026-04-18 05:03:35,0.75,230,3.26,5,5,1,0
2026-04-18 05:04:35,0.324,230,1.41,5,5,1,0
2026-04-18 05:05:35,0.717,230,3.12,5,5,1,0
2026-04-18 05:06:35,0.583,230,2.53,5,5,1,0
2026-04-18 05:07:35,0.888,230,3.86,5,5,1,0
2026-04-18 05:08:35,0.551,230,2.4,5,5,1,0
2026-04-18 05:09:35,0.374,230,1.62,5,5,1,0
2026-04-18 05:10:35,0.383,230,1.67,5,5,1,0
2026-04-18 05:11:35,0.92,230,4.0,5,5,1,0
2026-04-18 05:12:35,0.572,230,2.49,5,5,1,0
2026-04-18 05:13:35,0.434,230,1.89,5,5,1,0
2026-04-18 05:14:35,0.877,230,3.81,5,5,1,0
2026-04-18 05:15:35,0.843,230,3.66,5,5,1,0
2026-04-18 05:16:35,0.505,230,2.2,5,5,1,0
2026-04-18 05:17:35,0.665,230,2.89,5,5,1,0
2026-04-18 05:18:35,0.811,230,3.53,5,5,1,0
2026-04-18 05:19:35,0.267,230,1.16,5,5,1,0
2026-04-18 05:20:35,0.683,230,2.97,5,5,1,0
2026-04-18 05:21:35,0.944,230,4.11,5,5,1,0
2026-04-18 05:22:35,0.391,230,1.7,5,5,1,0
2026-04-18 05:23:35,0.666,230,2.89,5,5,1,0
2026-04-18 05:24:35,0.59,230,2.57,5,5,1,0
2026-04-18 05:25:35,0.93,230,4.04,5,5,1,0
2026-04-18 05:26:35,0.647,230,2.81,5,5,1,0
2026-04-18 05:27:35,0.605,230,2.63,5,5,1,0
2026-04-18 05:28:35,0.742,230,3.23,5,5,1,0
2026-04-18 05:29:35,0.418,230,1.82,5,5,1,0
2026-04-18 05:30:35,0.643,230,2.79,5,5,1,0
2026-04-18 05:31:35,0.586,230,2.55,5,5,1,0
2026-04-18 05:32:35,0.576,230,2.51,5,5,1,0
2026-04-18 05:33:35,0.655,230,2.85,5,5,1,0
2026-04-18 05:34:35,0.451,230,1.96,5,5,1,0
2026-04-18 05:35:35,0.58,230,2.52,5,5,1,0
2026-04-18 05:36:35,0.71,230,3.09,5,5,1,0
2026-04-18 05:37:35,0.418,230,1.82,5,5,1,0
2026-04-18 05:38:35,1.641,230,7.13,5,5,1,1
2026-04-18 05:39:35,0.72,230,3.13,5,5,1,0
2026-04-18 05:40:35,0.395,230,1.72,5,5,1,0
2026-04-18 05:41:35,0.808,230,3.51,5,5,1,0
2026-04-18 05:42:35,0.834,230,3.62,5,5,1,0
2026-04-18 05:43:35,0.833,230,3.62,5,5,1,0
2026-04-18 05:44:35,0.414,230,1.8,5,5,1,0
2026-04-18 05:45:35,0.484,230,2.11,5,5,1,0
2026-04-18 05:46:35,0.635,230,2.76,5,5,1,0
2026-04-18 05:47:35,0.451,230,1.96,5,5,1,0
2026-04-18 05:48:35,0.569,230,2.47,5,5,1,0
2026-04-18 05:49:35,0.921,230,4.01,5,5,1,0
2026-04-18 05:50:35,0.896,230,3.9,5,5,1,0
2026-04-18 05:51:35,0.684,230,2.97,5,5,1,0
2026-04-18 05:52:35,0.745,230,3.24,5,5,1,0
2026-04-18 05:53:35,0.449,230,1.95,5,5,1,0
2026-04-18 05:54:35,0.585,230,2.54,5,5,1,0
2026-04-18 05:55:35,0.691,230,3.0,5,5,1,0
2026-04-18 05:56:35,0.564,230,2.45,5,5,1,0
2026-04-18 05:57:35,0.458,230,1.99,5,5,1,0
2026-04-18 05:58:35,0.961,230,4.18,5,5,1,0
2026-04-18 05:59:35,0.38,230,1.65,5,5,1,0
2026-04-18 06:00:35,3.074,230,13.37,6,5,1,0
2026-04-18 06:01:35,2.155,230,9.37,6,5,1,0
2026-04-18 06:02:35,2.138,230,9.29,6,5,1,0
2026-04-18 06:03:35,2.497,230,10.86,6,5,1,0
2026-04-18 06:04:35,2.315,230,10.07,6,5,1,0
2026-04-18 06:05:35,2.336,230,10.16,6,5,1,0
2026-04-18 06:06:35,3.897,230,16.94,6,5,1,0
2026-04-18 06:07:35,2.651,230,11.53,6,5,1,0
2026-04-18 06:08:35,3.506,230,15.24,6,5,1,0
2026-04-18 06:09:35,2.119,230,9.21,6,5,1,0
2026-04-18 06:10:35,2.176,230,9.46,6,5,1,0
2026-04-18 06:11:35,3.342,230,14.53,6,5,1,0
2026-04-18 06:12:35,2.821,230,12.27,6,5,1,0
2026-04-18 06:13:35,1.93,230,8.39,6,5,1,0
2026-04-18 06:14:35,3.06,230,13.31,6,5,1,0
2026-04-18 06:15:35,3.204,230,13.93,6,5,1,0
2026-04-18 06:16:35,3.165,230,13.76,6,5,1,0
2026-04-18 06:17:35,3.028,230,13.17,6,5,1,0
2026-04-18 06:18:35,3.333,230,14.49,6,5,1,0
2026-04-18 06:19:35,2.078,230,9.03,6,5,1,0
2026-04-18 06:20:35,1.684,230,7.32,6,5,1,0
2026-04-18 06:21:35,2.172,230,9.44,6,5,1,0
2026-04-18 06:22:35,3.448,230,14.99,6,5,1,0
2026-04-18 06:23:35,1.787,230,7.77,6,5,1,0
2026-04-18 06:24:35,2.309,230,10.04,6,5,1,0
2026-04-18 06:25:35,3.874,230,16.85,6,5,1,0
2026-04-18 06:26:35,2.563,230,11.14,6,5,1,0
2026-04-18 06:27:35,2.657,230,11.55,6,5,1,0
2026-04-18 06:28:35,2.066,230,8.98,6,5,1,0
2026-04-18 06:29:35,2.158,230,9.38,6,5,1,0
2026-04-18 06:30:35,2.123,230,9.23,6,5,1,0
2026-04-18 06:31:35,1.801,230,7.83,6,5,1,0
2026-04-18 06:32:35,2.658,230,11.56,6,5,1,0
2026-04-18 06:33:35,2.068,230,8.99,6,5,1,0
2026-04-18 06:34:35,1.961,230,8.52,6,5,1,0
2026-04-18 06:35:35,3.133,230,13.62,6,5,1,0
2026-04-18 06:36:35,3.026,230,13.16,6,5,1,0
2026-04-18 06:37:35,3.783,230,16.45,6,5,1,0
2026-04-18 06:38:35,2.795,230,12.15,6,5,1,0
2026-04-18 06:39:35,3.68,230,16.0,6,5,1,0
2026-04-18 06:40:35,3.352,230,14.57,6,5,1,0
2026-04-18 06:41:35,2.575,230,11.19,6,5,1,0
2026-04-18 06:42:35,3.051,230,13.27,6,5,1,0
2026-04-18 06:43:35,3.309,230,14.39,6,5,1,0
2026-04-18 06:44:35,1.983,230,8.62,6,5,1,0
2026-04-18 06:45:35,3.004,230,13.06,6,5,1,0
2026-04-18 06:46:35,3.813,230,16.58,6,5,1,0
2026-04-18 06:47:35,3.08,230,13.39,6,5,1,0
2026-04-18 06:48:35,3.776,230,16.42,6,5,1,0
2026-04-18 06:49:35,2.993,230,13.01,6,5,1,0
2026-04-18 06:50:35,1.965,230,8.54,6,5,1,0
2026-04-18 06:51:35,3.744,230,16.28,6,5,1,0
2026-04-18 06:52:35,3.281,230,14.26,6,5,1,0
2026-04-18 06:53:35,2.881,230,12.53,6,5,1,0
2026-04-18 06:54:35,2.246,230,9.76,6,5,1,0
2026-04-18 06:55:35,3.096,230,13.46,6,5,1,0
2026-04-18 06:56:35,3.618,230,15.73,6,5,1,0
2026-04-18 06:57:35,2.189,230,9.52,6,5,1,0
2026-04-18 06:58:35,2.441,230,10.61,6,5,1,0
2026-04-18 06:59:35,3.048,230,13.25,6,5,1,0
2026-04-18 07:00:35,3.426,230,14.89,7,5,1,0
2026-04-18 07:01:35,2.145,230,9.32,7,5,1,0
2026-04-18 07:02:35,3.071,230,13.35,7,5,1,0
2026-04-18 07:03:35,3.794,230,16.5,7,5,1,0
2026-04-18 07:04:35,1.898,230,8.25,7,5,1,0
2026-04-18 07:05:35,2.929,230,12.74,7,5,1,0
2026-04-18 07:06:35,3.387,230,14.73,7,5,1,0
2026-04-18 07:07:35,3.077,230,13.38,7,5,1,0
2026-04-18 07:08:35,1.994,230,8.67,7,5,1,0
2026-04-18 07:09:35,3.496,230,15.2,7,5,1,0
2026-04-18 07:10:35,2.721,230,11.83,7,5,1,0
2026-04-18 07:11:35,1.946,230,8.46,7,5,1,0
2026-04-18 07:12:35,1.954,230,8.49,7,5,1,0
2026-04-18 07:13:35,3.345,230,14.54,7,5,1,0
2026-04-18 07:14:35,1.886,230,8.2,7,5,1,0
2026-04-18 07:15:35,2.243,230,9.75,7,5,1,0
2026-04-18 07:16:35,3.385,230,14.72,7,5,1,0
2026-04-18 07:17:35,2.638,230,11.47,7,5,1,0
2026-04-18 07:18:35,2.536,230,11.03,7,5,1,0
2026-04-18 07:19:35,3.575,230,15.54,7,5,1,0
2026-04-18 07:20:35,2.281,230,9.92,7,5,1,0
2026-04-18 07:21:35,2.565,230,11.15,7,5,1,0
2026-04-18 07:22:35,2.851,230,12.39,7,5,1,0
2026-04-18 07:23:35,2.506,230,10.89,7,5,1,0
2026-04-18 07:24:35,1.976,230,8.59,7,5,1,0
2026-04-18 07:25:35,3.069,230,13.34,7,5,1,0
2026-04-18 07:26:35,1.713,230,7.45,7,5,1,0
2026-04-18 07:27:35,3.422,230,14.88,7,5,1,0
2026-04-18 07:28:35,1.6,230,6.96,7,5,1,0
2026-04-18 07:29:35,4.339,230,18.86,7,5,1,1
2026-04-18 07:30:35,3.381,230,14.7,7,5,1,0
2026-04-18 07:31:35,3.214,230,13.98,7,5,1,0
2026-04-18 07:32:35,1.944,230,8.45,7,5,1,0
2026-04-18 07:33:35,2.795,230,12.15,7,5,1,0
2026-04-18 07:34:35,3.316,230,14.42,7,5,1,0
2026-04-18 07:35:35,2.682,230,11.66,7,5,1,0
2026-04-18 07:36:35,1.795,230,7.81,7,5,1,0
2026-04-18 07:37:35,2.063,230,8.97,7,5,1,0
2026-04-18 07:38:35,2.033,230,8.84,7,5,1,0
2026-04-18 07:39:35,3.22,230,14.0,7,5,1,0
2026-04-18 07:40:35,2.088,230,9.08,7,5,1,0
2026-04-18 07:41:35,1.622,230,7.05,7,5,1,0
2026-04-18 07:42:35,3.61,230,15.7,7,5,1,0
2026-04-18 07:43:35,3.063,230,13.32,7,5,1,0
2026-04-18 07:44:35,3.36,230,14.61,7,5,1,0
2026-04-18 07:45:35,2.471,230,10.74,7,5,1,0
2026-04-18 07:46:35,3.126,230,13.59,7,5,1,0
2026-04-18 07:47:35,2.052,230,8.92,7,5,1,0
2026-04-18 07:48:35,1.794,230,7.8,7,5,1,0
2026-04-18 07:49:35,3.841,230,16.7,7,5,1,0
2026-04-18 07:50:35,3.668,230,15.95,7,5,1,0
2026-04-18 07:51:35,1.868,230,8.12,7,5,1,0
2026-04-18 07:52:35,3.21,230,13.96,7,5,1,0
2026-04-18 07:53:35,3.436,230,14.94,7,5,1,0
2026-04-18 07:54:35,3.584,230,15.58,7,5,1,0
2026-04-18 07:55:35,3.745,230,16.28,7,5,1,0
2026-04-18 07:56:35,3.448,230,14.99,7,5,1,0
2026-04-18 07:57:35,6.519,230,28.35,7,5,1,1
2026-04-18 07:58:35,2.081,230,9.05,7,5,1,0
2026-04-18 07:59:35,2.288,230,9.95,7,5,1,0
2026-04-18 08:00:35,2.575,230,11.2,8,5,1,0
2026-04-18 08:01:35,2.806,230,12.2,8,5,1,0
2026-04-18 08:02:35,3.348,230,14.56,8,5,1,0
2026-04-18 08:03:35,2.727,230,11.85,8,5,1,0
2026-04-18 08:04:35,2.752,230,11.97,8,5,1,0
2026-04-18 08:05:35,3.524,230,15.32,8,5,1,0
2026-04-18 08:06:35,2.837,230,12.34,8,5,1,0
2026-04-18 08:07:35,2.882,230,12.53,8,5,1,0
2026-04-18 08:08:35,3.349,230,14.56,8,5,1,0
2026-04-18 08:09:35,1.821,230,7.92,8,5,1,0
2026-04-18 08:10:35,2.468,230,10.73,8,5,1,0
2026-04-18 08:11:35,1.843,230,8.01,8,5,1,0
2026-04-18 08:12:35,3.862,230,16.79,8,5,1,0
2026-04-18 08:13:35,3.154,230,13.71,8,5,1,0
2026-04-18 08:14:35,2.409,230,10.47,8,5,1,0
2026-04-18 08:15:35,3.296,230,14.33,8,5,1,0
2026-04-18 08:16:35,2.396,230,10.42,8,5,1,0
2026-04-18 08:17:35,3.792,230,16.49,8,5,1,0
2026-04-18 08:18:35,3.184,230,13.84,8,5,1,0
2026-04-18 08:19:35,3.521,230,15.31,8,5,1,0
2026-04-18 08:20:35,3.169,230,13.78,8,5,1,0
2026-04-18 08:21:35,2.035,230,8.85,8,5,1,0
2026-04-18 08:22:35,3.585,230,15.59,8,5,1,0
2026-04-18 08:23:35,3.941,230,17.13,8,5,1,0
2026-04-18 08:24:35,3.447,230,14.99,8,5,1,0
2026-04-18 08:25:35,2.87,230,12.48,8,5,1,0
2026-04-18 08:26:35,3.521,230,15.31,8,5,1,0
2026-04-18 08:27:35,3.227,230,14.03,8,5,1,0
2026-04-18 08:28:35,3.871,230,16.83,8,5,1,0
2026-04-18 08:29:35,3.393,230,14.75,8,5,1,0
2026-04-18 08:30:35,1.874,230,8.15,8,5,1,0
2026-04-18 08:31:35,1.806,230,7.85,8,5,1,0
2026-04-18 08:32:35,3.116,230,13.55,8,5,1,0
2026-04-18 08:33:35,2.606,230,11.33,8,5,1,0
2026-04-18 08:34:35,5.659,230,24.6,8,5,1,1
2026-04-18 08:35:35,2.95,230,12.83,8,5,1,0
2026-04-18 08:36:35,2.507,230,10.9,8,5,1,0
2026-04-18 08:37:35,7.423,230,32.28,8,5,1,1
2026-04-18 08:38:35,1.941,230,8.44,8,5,1,0
2026-04-18 08:39:35,1.683,230,7.32,8,5,1,0
2026-04-18 08:40:35,3.221,230,14.0,8,5,1,0
2026-04-18 08:41:35,2.681,230,11.66,8,5,1,0
2026-04-18 08:42:35,1.64,230,7.13,8,5,1,0
2026-04-18 08:43:35,2.923,230,12.71,8,5,1,0
2026-04-18 08:44:35,2.531,230,11.01,8,5,1,0
2026-04-18 08:45:35,2.49,230,10.83,8,5,1,0
2026-04-18 08:46:35,2.19,230,9.52,8,5,1,0
2026-04-18 08:47:35,2.385,230,10.37,8,5,1,0
2026-04-18 08:48:35,3.549,230,15.43,8,5,1,0
2026-04-18 08:49:35,1.729,230,7.52,8,5,1,0
2026-04-18 08:50:35,2.359,230,10.25,8,5,1,0
2026-04-18 08:51:35,3.649,230,15.86,8,5,1,0
2026-04-18 08:52:35,1.657,230,7.21,8,5,1,0
2026-04-18 08:53:35,1.643,230,7.15,8,5,1,0
2026-04-18 08:54:35,2.526,230,10.98,8,5,1,0
2026-04-18 08:55:35,3.289,230,14.3,8,5,1,0
2026-04-18 08:56:35,3.741,230,16.26,8,5,1,0
2026-04-18 08:57:35,2.657,230,11.55,8,5,1,0
2026-04-18 08:58:35,2.911,230,12.66,8,5,1,0
2026-04-18 08:59:35,2.106,230,9.16,8,5,1,0
2026-04-18 09:00:35,1.668,230,7.25,9,5,1,0
2026-04-18 09:01:35,1.109,230,4.82,9,5,1,0
2026-04-18 09:02:35,1.503,230,6.53,9,5,1,0
2026-04-18 09:03:35,1.06,230,4.61,9,5,1,0
2026-04-18 09:04:35,1.102,230,4.79,9,5,1,0
2026-04-18 09:05:35,0.9,230,3.91,9,5,1,0
2026-04-18 09:06:35,1.548,230,6.73,9,5,1,0
2026-04-18 09:07:35,1.421,230,6.18,9,5,1,0
2026-04-18 09:08:35,1.229,230,5.34,9,5,1,0
2026-04-18 09:09:35,0.808,230,3.51,9,5,1,0
2026-04-18 09:10:35,0.999,230,4.34,9,5,1,0
2026-04-18 09:11:35,1.067,230,4.64,9,5,1,0
2026-04-18 09:12:35,0.909,230,3.95,9,5,1,0
2026-04-18 09:13:35,1.224,230,5.32,9,5,1,0
2026-04-18 09:14:35,1.465,230,6.37,9,5,1,0
2026-04-18 09:15:35,0.895,230,3.89,9,5,1,0
2026-04-18 09:16:35,2.506,230,10.89,9,5,1,1
2026-04-18 09:17:35,1.257,230,5.47,9,5,1,0
2026-04-18 09:18:35,1.07,230,4.65,9,5,1,0
2026-04-18 09:19:35,1.119,230,4.87,9,5,1,0
2026-04-18 09:20:35,0.995,230,4.33,9,5,1,0
2026-04-18 09:21:35,1.429,230,6.21,9,5,1,0
2026-04-18 09:22:35,1.376,230,5.98,9,5,1,0
2026-04-18 09:23:35,1.432,230,6.23,9,5,1,0
2026-04-18 09:24:35,1.413,230,6.14,9,5,1,0
2026-04-18 09:25:35,1.236,230,5.37,9,5,1,0
2026-04-18 09:26:35,1.632,230,7.1,9,5,1,0
2026-04-18 09:27:35,0.882,230,3.84,9,5,1,0
2026-04-18 09:28:35,1.163,230,5.06,9,5,1,0
2026-04-18 09:29:35,1.162,230,5.05,9,5,1,0
2026-04-18 09:30:35,1.321,230,5.74,9,5,1,0
2026-04-18 09:31:35,1.246,230,5.42,9,5,1,0
2026-04-18 09:32:35,1.027,230,4.47,9,5,1,0
2026-04-18 09:33:35,1.098,230,4.77,9,5,1,0
2026-04-18 09:34:35,1.592,230,6.92,9,5,1,0
2026-04-18 09:35:35,1.046,230,4.55,9,5,1,0
2026-04-18 09:36:35,1.264,230,5.49,9,5,1,0
2026-04-18 09:37:35,0.997,230,4.34,9,5,1,0
2026-04-18 09:38:35,1.148,230,4.99,9,5,1,0
2026-04-18 09:39:35,1.284,230,5.58,9,5,1,0
2026-04-18 09:40:35,1.592,230,6.92,9,5,1,0
2026-04-18 09:41:35,1.441,230,6.26,9,5,1,0
2026-04-18 09:42:35,1.659,230,7.21,9,5,1,0
2026-04-18 09:43:35,0.939,230,4.08,9,5,1,0
2026-04-18 09:44:35,1.203,230,5.23,9,5,1,0
2026-04-18 09:45:35,1.022,230,4.44,9,5,1,0
2026-04-18 09:46:35,1.585,230,6.89,9,5,1,0
2026-04-18 09:47:35,1.105,230,4.81,9,5,1,0
2026-04-18 09:48:35,0.856,230,3.72,9,5,1,0
2026-04-18 09:49:35,0.858,230,3.73,9,5,1,0
2026-04-18 09:50:35,1.013,230,4.4,9,5,1,0
2026-04-18 09:51:35,1.655,230,7.2,9,5,1,0
2026-04-18 09:52:35,0.949,230,4.13,9,5,1,0
2026-04-18 09:53:35,1.4,230,6.09,9,5,1,0
2026-04-18 09:54:35,1.047,230,4.55,9,5,1,0
2026-04-18 09:55:35,1.209,230,5.26,9,5,1,0
2026-04-18 09:56:35,1.212,230,5.27,9,5,1,0
2026-04-18 09:57:35,1.368,230,5.95,9,5,1,0
2026-04-18 09:58:35,1.063,230,4.62,9,5,1,0
2026-04-18 09:59:35,1.627,230,7.07,9,5,1,0
2026-04-18 10:00:35,1.251,230,5.44,10,5,1,0
2026-04-18 10:01:35,1.373,230,5.97,10,5,1,0
2026-04-18 10:02:35,1.209,230,5.26,10,5,1,0
2026-04-18 10:03:35,1.171,230,5.09,10,5,1,0
2026-04-18 10:04:35,1.23,230,5.35,10,5,1,0
2026-04-18 10:05:35,1.026,230,4.46,10,5,1,0
2026-04-18 10:06:35,1.154,230,5.02,10,5,1,0
2026-04-18 10:07:35,1.044,230,4.54,10,5,1,0
2026-04-18 10:08:35,1.122,230,4.88,10,5,1,0
2026-04-18 10:09:35,1.466,230,6.37,10,5,1,0
2026-04-18 10:10:35,1.643,230,7.14,10,5,1,0
2026-04-18 10:11:35,1.665,230,7.24,10,5,1,0
2026-04-18 10:12:35,1.067,230,4.64,10,5,1,0
2026-04-18 10:13:35,1.254,230,5.45,10,5,1,0
2026-04-18 10:14:35,1.081,230,4.7,10,5,1,0
2026-04-18 10:15:35,1.1,230,4.78,10,5,1,0
2026-04-18 10:16:35,1.392,230,6.05,10,5,1,0
2026-04-18 10:17:35,1.013,230,4.4,10,5,1,0
2026-04-18 10:18:35,1.25,230,5.43,10,5,1,0
2026-04-18 10:19:35,1.04,230,4.52,10,5,1,0
2026-04-18 10:20:35,1.632,230,7.09,10,5,1,0
2026-04-18 10:21:35,1.135,230,4.94,10,5,1,0
2026-04-18 10:22:35,1.439,230,6.25,10,5,1,0
2026-04-18 10:23:35,1.295,230,5.63,10,5,1,0
2026-04-18 10:24:35,1.337,230,5.81,10,5,1,0
2026-04-18 10:25:35,1.287,230,5.6,10,5,1,0
2026-04-18 10:26:35,1.353,230,5.88,10,5,1,0
2026-04-18 10:27:35,1.223,230,5.32,10,5,1,0
2026-04-18 10:28:35,1.12,230,4.87,10,5,1,0
2026-04-18 10:29:35,1.2,230,5.22,10,5,1,0
2026-04-18 10:30:35,1.389,230,6.04,10,5,1,0
2026-04-18 10:31:35,1.627,230,7.07,10,5,1,0
2026-04-18 10:32:35,1.103,230,4.79,10,5,1,0
2026-04-18 10:33:35,1.624,230,7.06,10,5,1,0
2026-04-18 10:34:35,1.654,230,7.19,10,5,1,0
2026-04-18 10:35:35,1.7,230,7.39,10,5,1,0
2026-04-18 10:36:35,1.332,230,5.79,10,5,1,0
2026-04-18 10:37:35,1.341,230,5.83,10,5,1,0
2026-04-18 10:38:35,1.368,230,5.95,10,5,1,0
2026-04-18 10:39:35,1.245,230,5.41,10,5,1,0
2026-04-18 10:40:35,1.067,230,4.64,10,5,1,0
2026-04-18 10:41:35,1.001,230,4.35,10,5,1,0
2026-04-18 10:42:35,1.298,230,5.64,10,5,1,0
2026-04-18 10:43:35,1.117,230,4.86,10,5,1,0
2026-04-18 10:44:35,1.282,230,5.57,10,5,1,0
2026-04-18 10:45:35,1.468,230,6.38,10,5,1,0
2026-04-18 10:46:35,1.195,230,5.2,10,5,1,0
2026-04-18 10:47:35,1.502,230,6.53,10,5,1,0
2026-04-18 10:48:35,0.902,230,3.92,10,5,1,0
2026-04-18 10:49:35,1.145,230,4.98,10,5,1,0
2026-04-18 10:50:35,1.082,230,4.7,10,5,1,0
2026-04-18 10:51:35,0.932,230,4.05,10,5,1,0
2026-04-18 10:52:35,1.31,230,5.7,10,5,1,0
2026-04-18 10:53:35,1.385,230,6.02,10,5,1,0
2026-04-18 10:54:35,1.466,230,6.37,10,5,1,0
2026-04-18 10:55:35,1.436,230,6.24,10,5,1,0
2026-04-18 10:56:35,1.181,230,5.14,10,5,1,0
2026-04-18 10:57:35,1.643,230,7.14,10,5,1,0
2026-04-18 10:58:35,0.884,230,3.84,10,5,1,0
2026-04-18 10:59:35,1.102,230,4.79,10,5,1,0
2026-04-18 11:00:35,1.643,230,7.14,11,5,1,0
2026-04-18 11:01:35,1.251,230,5.44,11,5,1,0
2026-04-18 11:02:35,1.611,230,7.01,11,5,1,0
2026-04-18 11:03:35,1.42,230,6.17,11,5,1,0
2026-04-18 11:04:35,0.95,230,4.13,11,5,1,0
2026-04-18 11:05:35,1.163,230,5.06,11,5,1,0
2026-04-18 11:06:35,1.3,230,5.65,11,5,1,0
2026-04-18 11:07:35,0.923,230,4.01,11,5,1,0
2026-04-18 11:08:35,1.328,230,5.78,11,5,1,0
2026-04-18 11:09:35,0.829,230,3.6,11,5,1,0
2026-04-18 11:10:35,1.199,230,5.21,11,5,1,0
2026-04-18 11:11:35,1.555,230,6.76,11,5,1,0
2026-04-18 11:12:35,1.479,230,6.43,11,5,1,0
2026-04-18 11:13:35,1.111,230,4.83,11,5,1,0
2026-04-18 11:14:35,1.25,230,5.44,11,5,1,0
2026-04-18 11:15:35,1.077,230,4.68,11,5,1,0
2026-04-18 11:16:35,0.903,230,3.93,11,5,1,0
2026-04-18 11:17:35,1.17,230,5.09,11,5,1,0
2026-04-18 11:18:35,1.037,230,4.51,11,5,1,0
2026-04-18 11:19:35,1.285,230,5.59,11,5,1,0
2026-04-18 11:20:35,1.046,230,4.55,11,5,1,0
2026-04-18 11:21:35,1.128,230,4.9,11,5,1,0
2026-04-18 11:22:35,1.529,230,6.65,11,5,1,0
2026-04-18 11:23:35,1.517,230,6.59,11,5,1,0
2026-04-18 11:24:35,1.476,230,6.42,11,5,1,0
2026-04-18 11:25:35,0.996,230,4.33,11,5,1,0
2026-04-18 11:26:35,1.307,230,5.68,11,5,1,0
2026-04-18 11:27:35,1.33,230,5.78,11,5,1,0
2026-04-18 11:28:35,1.278,230,5.56,11,5,1,0
2026-04-18 11:29:35,1.023,230,4.45,11,5,1,0
2026-04-18 11:30:35,1.062,230,4.62,11,5,1,0
2026-04-18 11:31:35,1.406,230,6.11,11,5,1,0
2026-04-18 11:32:35,1.526,230,6.63,11,5,1,0
2026-04-18 11:33:35,1.644,230,7.15,11,5,1,0
2026-04-18 11:34:35,1.405,230,6.11,11,5,1,0
2026-04-18 11:35:35,1.414,230,6.15,11,5,1,0
2026-04-18 11:36:35,1.015,230,4.41,11,5,1,0
2026-04-18 11:37:35,1.404,230,6.1,11,5,1,0
2026-04-18 11:38:35,1.337,230,5.81,11,5,1,0
2026-04-18 11:39:35,1.332,230,5.79,11,5,1,0
2026-04-18 11:40:35,1.369,230,5.95,11,5,1,0
2026-04-18 11:41:35,1.292,230,5.62,11,5,1,0
2026-04-18 11:42:35,1.333,230,5.8,11,5,1,0
2026-04-18 11:43:35,1.359,230,5.91,11,5,1,0
2026-04-18 11:44:35,1.155,230,5.02,11,5,1,0
2026-04-18 11:45:35,0.974,230,4.23,11,5,1,0
2026-04-18 11:46:35,1.365,230,5.94,11,5,1,0
2026-04-18 11:47:35,1.495,230,6.5,11,5,1,0
2026-04-18 11:48:35,2.982,230,12.97,11,5,1,1
2026-04-18 11:49:35,0.858,230,3.73,11,5,1,0
2026-04-18 11:50:35,1.273,230,5.53,11,5,1,0
2026-04-18 11:51:35,1.469,230,6.39,11,5,1,0
2026-04-18 11:52:35,1.258,230,5.47,11,5,1,0
2026-04-18 11:53:35,1.203,230,5.23,11,5,1,0
2026-04-18 11:54:35,1.545,230,6.72,11,5,1,0
2026-04-18 11:55:35,1.284,230,5.58,11,5,1,0
2026-04-18 11:56:35,1.087,230,4.72,11,5,1,0
2026-04-18 11:57:35,1.215,230,5.28,11,5,1,0
2026-04-18 11:58:35,0.9,230,3.91,11,5,1,0
2026-04-18 11:59:35,1.322,230,5.75,11,5,1,0
2026-04-18 12:00:35,1.299,230,5.65,12,5,1,0
2026-04-18 12:01:35,1.301,230,5.66,12,5,1,0
2026-04-18 12:02:35,1.395,230,6.07,12,5,1,0
2026-04-18 12:03:35,0.989,230,4.3,12,5,1,0
2026-04-18 12:04:35,1.531,230,6.66,12,5,1,0
2026-04-18 12:05:35,1.15,230,5.0,12,5,1,0
2026-04-18 12:06:35,1.122,230,4.88,12,5,1,0
2026-04-18 12:07:35,1.254,230,5.45,12,5,1,0
2026-04-18 12:08:35,1.012,230,4.4,12,5,1,0
2026-04-18 12:09:35,1.17,230,5.09,12,5,1,0
2026-04-18 12:10:35,1.726,230,7.51,12,5,1,0
2026-04-18 12:11:35,1.542,230,6.71,12,5,1,0
2026-04-18 12:12:35,0.985,230,4.28,12,5,1,0
2026-04-18 12:13:35,4.496,230,19.55,12,5,1,1
2026-04-18 12:14:35,1.156,230,5.03,12,5,1,0
2026-04-18 12:15:35,1.309,230,5.69,12,5,1,0
2026-04-18 12:16:35,1.331,230,5.79,12,5,1,0
2026-04-18 12:17:35,1.263,230,5.49,12,5,1,0
2026-04-18 12:18:35,1.35,230,5.87,12,5,1,0
2026-04-18 12:19:35,1.553,230,6.75,12,5,1,0
2026-04-18 12:20:35,1.025,230,4.46,12,5,1,0
2026-04-18 12:21:35,1.357,230,5.9,12,5,1,0
2026-04-18 12:22:35,1.494,230,6.49,12,5,1,0
2026-04-18 12:23:35,1.578,230,6.86,12,5,1,0
2026-04-18 12:24:35,1.437,230,6.25,12,5,1,0
2026-04-18 12:25:35,1.739,230,7.56,12,5,1,0
2026-04-18 12:26:35,0.96,230,4.17,12,5,1,0
2026-04-18 12:27:35,1.016,230,4.42,12,5,1,0
2026-04-18 12:28:35,0.99,230,4.3,12,5,1,0
2026-04-18 12:29:35,1.529,230,6.65,12,5,1,0
2026-04-18 12:30:35,1.255,230,5.46,12,5,1,0
2026-04-18 12:31:35,1.084,230,4.71,12,5,1,0
2026-04-18 12:32:35,1.382,230,6.01,12,5,1,0
2026-04-18 12:33:35,1.393,230,6.06,12,5,1,0
2026-04-18 12:34:35,1.421,230,6.18,12,5,1,0
2026-04-18 12:35:35,0.895,230,3.89,12,5,1,0
2026-04-18 12:36:35,1.385,230,6.02,12,5,1,0
2026-04-18 12:37:35,0.915,230,3.98,12,5,1,0
2026-04-18 12:38:35,0.846,230,3.68,12,5,1,0
2026-04-18 12:39:35,0.929,230,4.04,12,5,1,0
2026-04-18 12:40:35,1.364,230,5.93,12,5,1,0
2026-04-18 12:41:35,1.402,230,6.1,12,5,1,0
2026-04-18 12:42:35,1.664,230,7.23,12,5,1,0
2026-04-18 12:43:35,1.494,230,6.5,12,5,1,0
2026-04-18 12:44:35,1.098,230,4.77,12,5,1,0
2026-04-18 12:45:35,1.386,230,6.02,12,5,1,0
2026-04-18 12:46:35,1.236,230,5.37,12,5,1,0
2026-04-18 12:47:35,1.34,230,5.83,12,5,1,0
2026-04-18 12:48:35,0.975,230,4.24,12,5,1,0
2026-04-18 12:49:35,1.131,230,4.92,12,5,1,0
2026-04-18 12:50:35,1.034,230,4.5,12,5,1,0
2026-04-18 12:51:35,1.04,230,4.52,12,5,1,0
2026-04-18 12:52:35,1.011,230,4.4,12,5,1,0
2026-04-18 12:53:35,0.861,230,3.74,12,5,1,0
2026-04-18 12:54:35,1.74,230,7.57,12,5,1,0
2026-04-18 12:55:35,1.592,230,6.92,12,5,1,0
2026-04-18 12:56:35,0.878,230,3.82,12,5,1,0
2026-04-18 12:57:35,1.025,230,4.46,12,5,1,0
2026-04-18 12:58:35,1.548,230,6.73,12,5,1,0
2026-04-18 12:59:35,1.066,230,4.63,12,5,1,0
2026-04-18 13:00:35,1.331,230,5.79,13,5,1,0
2026-04-18 13:01:35,1.417,230,6.16,13,5,1,0
2026-04-18 13:02:35,1.087,230,4.73,13,5,1,0
2026-04-18 13:03:35,1.469,230,6.39,13,5,1,0
2026-04-18 13:04:35,1.395,230,6.06,13,5,1,0
2026-04-18 13:05:35,1.341,230,5.83,13,5,1,0
2026-04-18 13:06:35,1.248,230,5.42,13,5,1,0
2026-04-18 13:07:35,0.912,230,3.97,13,5,1,0
2026-04-18 13:08:35,1.63,230,7.09,13,5,1,0
2026-04-18 13:09:35,1.414,230,6.15,13,5,1,0
2026-04-18 13:10:35,1.266,230,5.5,13,5,1,0
2026-04-18 13:11:35,0.977,230,4.25,13,5,1,0
2026-04-18 13:12:35,1.184,230,5.15,13,5,1,0
2026-04-18 13:13:35,1.164,230,5.06,13,5,1,0
2026-04-18 13:14:35,1.123,230,4.88,13,5,1,0
2026-04-18 13:15:35,0.932,230,4.05,13,5,1,0
2026-04-18 13:16:35,1.672,230,7.27,13,5,1,0
2026-04-18 13:17:35,1.586,230,6.9,13,5,1,0
2026-04-18 13:18:35,1.104,230,4.8,13,5,1,0
2026-04-18 13:19:35,1.49,230,6.48,13,5,1,0
2026-04-18 13:20:35,1.031,230,4.48,13,5,1,0
2026-04-18 13:21:35,1.119,230,4.87,13,5,1,0
2026-04-18 13:22:35,0.94,230,4.09,13,5,1,0
2026-04-18 13:23:35,1.179,230,5.12,13,5,1,0
2026-04-18 13:24:35,1.096,230,4.77,13,5,1,0
2026-04-18 13:25:35,1.118,230,4.86,13,5,1,0
2026-04-18 13:26:35,1.385,230,6.02,13,5,1,0
2026-04-18 13:27:35,1.575,230,6.85,13,5,1,0
2026-04-18 13:28:35,1.093,230,4.75,13,5,1,0
2026-04-18 13:29:35,1.415,230,6.15,13,5,1,0
2026-04-18 13:30:35,1.352,230,5.88,13,5,1,0
2026-04-18 13:31:35,1.225,230,5.33,13,5,1,0
2026-04-18 13:32:35,1.136,230,4.94,13,5,1,0
2026-04-18 13:33:35,1.55,230,6.74,13,5,1,0
2026-04-18 13:34:35,1.333,230,5.8,13,5,1,0
2026-04-18 13:35:35,0.9,230,3.91,13,5,1,0
2026-04-18 13:36:35,1.188,230,5.16,13,5,1,0
2026-04-18 13:37:35,1.529,230,6.65,13,5,1,0
